order_item_refund_id,created_at,order_item_id,order_id,refund_amount_usd
1,"2012-04-06 11:32:43",57,57,49.99
2,"2012-04-13 01:09:43",74,74,49.99
3,"2012-04-15 07:03:48",71,71,49.99
4,"2012-04-17 20:00:37",118,118,49.99
5,"2012-04-22 20:53:49",116,116,49.99
6,"2012-05-04 11:59:07",147,147,49.99
7,"2012-05-12 02:41:14",186,186,49.99
8,"2012-05-16 13:06:01",191,191,49.99
9,"2012-05-24 16:00:09",179,179,49.99
10,"2012-05-30 17:20:44",199,199,49.99
11,"2012-06-06 14:22:14",271,271,49.99
12,"2012-06-10 19:54:47",290,290,49.99
13,"2012-06-20 19:13:12",335,335,49.99
14,"2012-06-28 18:54:22",382,382,49.99
15,"2012-06-29 15:50:01",357,357,49.99
16,"2012-07-05 14:24:53",409,409,49.99
17,"2012-07-07 07:36:44",368,368,49.99
18,"2012-07-07 19:54:28",391,391,49.99
19,"2012-07-08 02:59:09",424,424,49.99
20,"2012-07-10 14:31:05",393,393,49.99
21,"2012-07-11 22:16:10",442,442,49.99
22,"2012-07-19 06:57:16",472,472,49.99
23,"2012-07-20 13:51:53",470,470,49.99
24,"2012-07-21 09:45:01",469,469,49.99
25,"2012-07-22 12:53:11",471,471,49.99
26,"2012-07-27 18:03:58",468,468,49.99
27,"2012-07-29 07:41:18",467,467,49.99
28,"2012-07-31 01:43:50",500,500,49.99
29,"2012-08-01 13:50:52",501,501,49.99
30,"2012-08-06 23:16:41",568,568,49.99
31,"2012-08-08 17:45:11",545,545,49.99
32,"2012-08-09 17:14:14",558,558,49.99
33,"2012-08-12 01:39:11",577,577,49.99
34,"2012-08-12 19:26:58",648,648,49.99
35,"2012-08-15 03:07:26",669,669,49.99
36,"2012-08-16 10:58:58",587,587,49.99
37,"2012-08-17 00:42:29",581,581,49.99
38,"2012-08-17 00:43:39",584,584,49.99
39,"2012-08-18 09:15:40",638,638,49.99
40,"2012-08-20 08:19:51",676,676,49.99
41,"2012-08-23 12:16:35",717,717,49.99
42,"2012-08-24 15:15:48",661,661,49.99
43,"2012-08-27 04:21:11",694,694,49.99
44,"2012-08-27 14:26:16",668,668,49.99
45,"2012-08-29 00:16:18",739,739,49.99
46,"2012-08-29 14:11:58",718,718,49.99
47,"2012-09-01 10:36:40",780,780,49.99
48,"2012-09-03 21:08:59",786,786,49.99
49,"2012-09-08 09:52:41",760,760,49.99
50,"2012-09-12 12:31:11",844,844,49.99
51,"2012-09-13 07:09:10",823,823,49.99
52,"2012-09-14 07:45:19",883,883,49.99
53,"2012-09-14 09:09:54",818,818,49.99
54,"2012-09-14 21:56:14",900,900,49.99
55,"2012-09-15 09:00:25",838,838,49.99
56,"2012-09-15 19:18:27",807,807,49.99
57,"2012-09-18 08:07:59",910,910,49.99
58,"2012-09-19 19:57:16",849,849,49.99
59,"2012-09-22 17:50:53",988,988,49.99
60,"2012-09-24 12:27:05",934,934,49.99
61,"2012-09-24 15:13:26",993,993,49.99
62,"2012-09-24 20:49:53",950,950,49.99
63,"2012-09-25 08:14:53",969,969,49.99
64,"2012-09-27 01:07:36",953,953,49.99
65,"2012-09-27 04:26:24",905,905,49.99
66,"2012-09-29 19:44:05",941,941,49.99
67,"2012-09-30 10:29:56",939,939,49.99
68,"2012-10-02 19:14:21",1006,1006,49.99
69,"2012-10-05 11:06:14",1107,1107,49.99
70,"2012-10-05 18:22:42",1069,1069,49.99
71,"2012-10-06 00:04:13",984,984,49.99
72,"2012-10-06 07:54:10",1021,1021,49.99
73,"2012-10-07 01:25:32",1129,1129,49.99
74,"2012-10-07 15:51:25",1103,1103,49.99
75,"2012-10-08 15:43:52",1036,1036,49.99
76,"2012-10-10 10:23:40",1063,1063,49.99
77,"2012-10-10 13:15:44",1078,1078,49.99
78,"2012-10-10 15:18:51",1056,1056,49.99
79,"2012-10-13 21:35:11",1145,1145,49.99
80,"2012-10-14 19:15:52",1123,1123,49.99
81,"2012-10-17 12:24:18",1226,1226,49.99
82,"2012-10-20 13:42:51",1279,1279,49.99
83,"2012-10-20 17:49:01",1245,1245,49.99
84,"2012-10-21 19:42:47",1271,1271,49.99
85,"2012-10-22 11:33:07",1167,1167,49.99
86,"2012-10-22 14:28:55",1243,1243,49.99
87,"2012-10-23 18:58:17",1318,1318,49.99
88,"2012-10-25 04:26:48",1227,1227,49.99
89,"2012-10-26 07:25:27",1283,1283,49.99
90,"2012-10-28 06:17:14",1222,1222,49.99
91,"2012-10-29 00:19:14",1233,1233,49.99
92,"2012-11-01 08:02:36",1274,1274,49.99
93,"2012-11-01 17:40:26",1426,1426,49.99
94,"2012-11-01 18:56:47",1267,1267,49.99
95,"2012-11-02 14:46:50",1451,1451,49.99
96,"2012-11-03 18:58:54",1445,1445,49.99
97,"2012-11-04 06:41:25",1393,1393,49.99
98,"2012-11-05 18:35:20",1351,1351,49.99
99,"2012-11-06 16:47:45",1324,1324,49.99
100,"2012-11-06 17:59:29",1480,1480,49.99
101,"2012-11-07 10:23:24",1422,1422,49.99
102,"2012-11-09 07:25:56",1368,1368,49.99
103,"2012-11-11 02:57:29",1515,1515,49.99
104,"2012-11-12 13:31:27",1468,1468,49.99
105,"2012-11-13 04:28:08",1525,1525,49.99
106,"2012-11-13 18:51:02",1547,1547,49.99
107,"2012-11-14 01:09:00",1443,1443,49.99
108,"2012-11-14 20:42:32",1559,1559,49.99
109,"2012-11-15 03:18:16",1576,1576,49.99
110,"2012-11-15 22:31:01",1552,1552,49.99
111,"2012-11-17 16:07:01",1584,1584,49.99
112,"2012-11-17 20:47:59",1483,1483,49.99
113,"2012-11-18 11:31:16",1532,1532,49.99
114,"2012-11-18 22:56:28",1544,1544,49.99
115,"2012-11-19 17:29:51",1626,1626,49.99
116,"2012-11-21 06:39:21",1638,1638,49.99
117,"2012-11-21 18:20:39",1528,1528,49.99
118,"2012-11-22 01:35:09",1653,1653,49.99
119,"2012-11-25 21:13:28",1637,1637,49.99
120,"2012-11-25 21:54:01",1756,1756,49.99
121,"2012-11-26 03:35:40",1660,1660,49.99
122,"2012-11-26 15:40:13",1646,1646,49.99
123,"2012-11-26 23:13:16",1631,1631,49.99
124,"2012-11-27 09:18:30",1617,1617,49.99
125,"2012-11-27 09:36:25",1779,1779,49.99
126,"2012-11-27 18:57:24",1848,1848,49.99
127,"2012-11-27 19:18:26",1748,1748,49.99
128,"2012-11-28 01:24:41",1815,1815,49.99
129,"2012-11-28 12:23:54",1604,1604,49.99
130,"2012-11-29 17:23:22",1908,1908,49.99
131,"2012-11-30 10:45:33",1636,1636,49.99
132,"2012-12-02 16:26:56",2064,2064,49.99
133,"2012-12-02 20:46:16",2051,2051,49.99
134,"2012-12-02 23:09:37",1988,1988,49.99
135,"2012-12-03 00:54:53",1909,1909,49.99
136,"2012-12-03 22:16:21",1905,1905,49.99
137,"2012-12-03 22:45:33",1961,1961,49.99
138,"2012-12-04 02:54:59",1918,1918,49.99
139,"2012-12-04 15:16:20",1776,1776,49.99
140,"2012-12-04 17:07:30",2028,2028,49.99
141,"2012-12-05 13:29:12",1797,1797,49.99
142,"2012-12-05 14:58:49",1915,1915,49.99
143,"2012-12-05 21:25:47",1818,1818,49.99
144,"2012-12-06 00:11:14",1947,1947,49.99
145,"2012-12-08 09:35:07",1745,1745,49.99
146,"2012-12-09 02:30:55",2050,2050,49.99
147,"2012-12-11 09:41:38",2184,2184,49.99
148,"2012-12-12 17:40:37",2098,2098,49.99
149,"2012-12-13 18:49:37",2045,2045,49.99
150,"2012-12-13 21:56:23",2241,2241,49.99
151,"2012-12-14 00:26:51",2057,2057,49.99
152,"2012-12-15 01:53:06",2165,2165,49.99
153,"2012-12-15 18:15:51",2147,2147,49.99
154,"2012-12-18 06:03:13",2341,2341,49.99
155,"2012-12-18 10:33:26",2172,2172,49.99
156,"2012-12-18 16:32:34",2244,2244,49.99
157,"2012-12-19 10:27:35",2202,2202,49.99
158,"2012-12-20 10:37:58",2365,2365,49.99
159,"2012-12-21 23:38:22",2377,2377,49.99
160,"2012-12-22 07:03:24",2415,2415,49.99
161,"2012-12-23 12:55:13",2337,2337,49.99
162,"2012-12-24 02:35:44",2249,2249,49.99
163,"2012-12-26 16:24:38",2444,2444,49.99
164,"2012-12-26 20:36:29",2445,2445,49.99
165,"2012-12-26 21:48:11",2323,2323,49.99
166,"2012-12-27 18:09:17",2398,2398,49.99
167,"2012-12-28 15:07:54",2479,2479,49.99
168,"2012-12-31 17:05:00",2446,2446,49.99
169,"2012-12-31 22:19:36",2431,2431,49.99
170,"2013-01-01 14:30:14",2426,2426,49.99
171,"2013-01-04 00:06:45",2498,2498,49.99
172,"2013-01-04 11:38:50",2489,2489,49.99
173,"2013-01-05 17:00:37",2504,2504,49.99
174,"2013-01-06 01:50:15",2492,2492,49.99
175,"2013-01-06 07:42:52",2495,2495,49.99
176,"2013-01-07 01:10:03",2549,2549,49.99
177,"2013-01-07 17:47:46",2525,2525,49.99
178,"2013-01-09 17:13:54",2619,2619,49.99
179,"2013-01-10 20:07:54",2576,2576,49.99
180,"2013-01-12 05:10:13",2711,2711,49.99
181,"2013-01-15 12:24:45",2715,2715,49.99
182,"2013-01-15 13:09:56",2621,2621,49.99
183,"2013-01-17 04:44:14",2752,2752,49.99
184,"2013-01-17 18:44:28",2660,2660,49.99
185,"2013-01-19 22:51:37",2790,2790,49.99
186,"2013-01-24 13:47:12",2755,2755,49.99
187,"2013-01-27 04:11:13",2777,2777,49.99
188,"2013-01-27 04:20:14",2789,2789,49.99
189,"2013-01-28 08:17:35",2805,2805,49.99
190,"2013-01-29 06:53:06",2846,2846,59.99
191,"2013-02-01 19:47:16",2961,2961,49.99
192,"2013-02-01 21:10:04",2833,2833,49.99
193,"2013-02-02 14:05:43",2911,2911,49.99
194,"2013-02-03 20:08:05",2978,2978,49.99
195,"2013-02-06 16:47:17",2998,2998,59.99
196,"2013-02-07 05:42:43",2906,2906,49.99
197,"2013-02-07 20:48:37",2913,2913,49.99
198,"2013-02-10 23:31:08",2958,2958,49.99
199,"2013-02-12 00:01:58",3079,3079,49.99
200,"2013-02-12 11:30:22",3014,3014,49.99
201,"2013-02-12 13:57:44",3019,3019,49.99
202,"2013-02-13 02:20:25",2999,2999,49.99
203,"2013-02-14 01:34:01",3073,3073,49.99
204,"2013-02-20 05:32:09",3048,3048,49.99
205,"2013-02-20 05:50:45",3067,3067,49.99
206,"2013-02-20 06:06:12",3284,3284,59.99
207,"2013-02-22 05:03:31",3109,3109,49.99
208,"2013-02-22 16:58:52",3297,3297,49.99
209,"2013-02-26 16:19:54",3199,3199,49.99
210,"2013-02-27 02:11:35",3118,3118,49.99
211,"2013-02-27 15:03:31",3355,3355,49.99
212,"2013-02-28 01:47:26",3178,3178,49.99
213,"2013-02-28 03:34:35",3380,3380,49.99
214,"2013-03-02 02:09:14",3306,3306,49.99
215,"2013-03-02 02:13:15",3396,3396,49.99
216,"2013-03-04 02:16:39",3313,3313,49.99
217,"2013-03-05 03:49:45",3487,3487,49.99
218,"2013-03-05 05:29:03",3373,3373,49.99
219,"2013-03-05 09:12:30",3425,3425,49.99
220,"2013-03-06 05:10:24",3400,3400,49.99
221,"2013-03-06 07:46:28",3316,3316,49.99
222,"2013-03-07 21:42:06",3452,3452,49.99
223,"2013-03-08 12:47:00",3524,3524,49.99
224,"2013-03-08 22:58:45",3517,3517,49.99
225,"2013-03-10 19:23:47",3417,3417,49.99
226,"2013-03-17 21:26:57",3499,3499,59.99
227,"2013-03-19 07:16:03",3607,3607,49.99
228,"2013-03-19 09:49:01",3573,3573,49.99
229,"2013-03-20 07:28:22",3563,3563,59.99
230,"2013-03-21 11:20:07",3585,3585,49.99
231,"2013-03-22 13:12:35",3549,3549,49.99
232,"2013-03-24 09:17:09",3633,3633,49.99
233,"2013-03-26 03:39:53",3632,3632,49.99
234,"2013-03-31 17:52:14",3806,3806,49.99
235,"2013-04-02 12:23:05",3713,3713,49.99
236,"2013-04-03 19:46:38",3769,3769,49.99
237,"2013-04-04 08:41:53",3764,3764,49.99
238,"2013-04-05 06:08:15",3807,3807,49.99
239,"2013-04-06 17:10:41",3757,3757,49.99
240,"2013-04-07 08:38:39",3814,3814,49.99
241,"2013-04-08 12:42:14",3798,3798,59.99
242,"2013-04-08 18:35:49",3856,3856,49.99
243,"2013-04-10 04:56:35",3811,3811,49.99
244,"2013-04-10 07:44:15",3953,3953,49.99
245,"2013-04-12 07:36:08",3866,3866,49.99
246,"2013-04-17 05:01:41",4033,4033,49.99
247,"2013-04-17 14:45:43",3933,3933,49.99
248,"2013-04-18 10:28:46",4114,4114,49.99
249,"2013-04-19 02:21:21",4112,4112,49.99
250,"2013-04-19 22:59:51",3989,3989,49.99
251,"2013-04-20 02:52:26",4182,4182,49.99
252,"2013-04-20 06:55:06",4045,4045,49.99
253,"2013-04-20 13:19:04",4005,4005,49.99
254,"2013-04-20 17:04:11",4001,4001,49.99
255,"2013-04-21 09:43:18",4065,4065,49.99
256,"2013-04-22 08:05:09",4037,4037,49.99
257,"2013-04-23 12:58:36",3993,3993,49.99
258,"2013-05-02 04:42:18",4222,4222,49.99
259,"2013-05-03 15:55:59",4304,4304,59.99
260,"2013-05-04 00:28:40",4396,4396,49.99
261,"2013-05-04 18:05:01",4344,4344,49.99
262,"2013-05-05 01:01:17",4257,4257,49.99
263,"2013-05-07 02:38:13",4438,4438,49.99
264,"2013-05-09 17:34:56",4420,4420,49.99
265,"2013-05-10 03:35:19",4444,4444,49.99
266,"2013-05-10 10:03:29",4507,4507,49.99
267,"2013-05-11 00:13:48",4310,4310,49.99
268,"2013-05-14 01:51:41",4494,4494,49.99
269,"2013-05-15 17:04:53",4543,4543,49.99
270,"2013-05-15 18:18:43",4590,4590,49.99
271,"2013-05-16 07:19:17",4423,4423,49.99
272,"2013-05-18 17:57:34",4696,4696,49.99
273,"2013-05-18 20:00:46",4564,4564,49.99
274,"2013-05-19 10:55:47",4610,4610,49.99
275,"2013-05-19 20:13:46",4608,4608,49.99
276,"2013-05-19 20:40:41",4576,4576,49.99
277,"2013-05-20 13:06:03",4710,4710,49.99
278,"2013-05-21 23:59:49",4611,4611,49.99
279,"2013-05-23 14:00:59",4654,4654,49.99
280,"2013-05-23 17:27:33",4620,4620,49.99
281,"2013-05-26 23:35:50",4679,4679,59.99
282,"2013-05-27 09:45:33",4793,4793,49.99
283,"2013-05-27 21:46:08",4706,4706,49.99
284,"2013-05-28 05:44:41",4726,4726,49.99
285,"2013-05-28 10:43:47",4825,4825,49.99
286,"2013-05-28 22:10:51",4680,4680,49.99
287,"2013-05-29 00:40:58",4760,4760,59.99
288,"2013-05-31 18:17:58",4758,4758,49.99
289,"2013-06-03 23:06:28",4989,4989,49.99
290,"2013-06-04 06:54:42",4915,4915,49.99
291,"2013-06-04 14:12:08",4900,4900,49.99
292,"2013-06-04 20:48:52",4807,4807,49.99
293,"2013-06-07 10:18:55",4874,4874,49.99
294,"2013-06-07 19:37:29",4879,4879,49.99
295,"2013-06-08 21:55:16",5100,5100,49.99
296,"2013-06-08 23:33:50",5095,5095,49.99
297,"2013-06-09 03:43:51",5051,5051,49.99
298,"2013-06-09 13:24:38",4993,4993,49.99
299,"2013-06-09 17:42:50",4953,4953,49.99
300,"2013-06-11 01:06:52",4907,4907,49.99
301,"2013-06-11 03:12:17",5023,5023,49.99
302,"2013-06-11 21:45:48",5134,5134,49.99
303,"2013-06-13 12:18:21",4912,4912,49.99
304,"2013-06-17 23:10:51",5007,5007,59.99
305,"2013-06-18 06:57:22",5082,5082,49.99
306,"2013-06-18 12:08:14",5257,5257,59.99
307,"2013-06-18 21:43:45",5145,5145,49.99
308,"2013-06-19 11:47:44",5128,5128,49.99
309,"2013-06-19 14:16:20",5113,5113,49.99
310,"2013-06-20 01:37:09",5168,5168,49.99
311,"2013-06-20 03:04:51",5263,5263,59.99
312,"2013-06-20 11:43:36",5124,5124,49.99
313,"2013-06-21 03:48:07",5289,5289,59.99
314,"2013-06-22 15:45:53",5108,5108,49.99
315,"2013-06-24 02:44:05",5262,5262,49.99
316,"2013-06-24 15:52:48",5333,5333,49.99
317,"2013-06-27 04:27:32",5422,5422,49.99
318,"2013-06-27 04:52:26",5284,5284,49.99
319,"2013-06-27 14:13:03",5346,5346,49.99
320,"2013-06-27 17:50:46",5261,5261,49.99
321,"2013-06-28 06:53:36",5386,5386,49.99
322,"2013-06-28 23:54:35",5239,5239,59.99
323,"2013-07-01 03:30:09",5387,5387,49.99
324,"2013-07-01 05:03:02",5531,5531,49.99
325,"2013-07-01 09:39:51",5523,5523,49.99
326,"2013-07-02 00:22:22",5518,5518,49.99
327,"2013-07-03 10:54:35",5412,5412,49.99
328,"2013-07-03 13:20:48",5565,5565,49.99
329,"2013-07-03 13:41:28",5323,5323,49.99
330,"2013-07-03 15:47:22",5390,5390,49.99
331,"2013-07-03 18:05:11",5462,5462,49.99
332,"2013-07-04 02:35:37",5408,5408,49.99
333,"2013-07-05 01:53:10",5430,5430,49.99
334,"2013-07-06 08:00:18",5474,5474,49.99
335,"2013-07-07 02:47:17",5496,5496,49.99
336,"2013-07-07 12:52:59",5569,5569,49.99
337,"2013-07-07 14:19:04",5405,5405,49.99
338,"2013-07-07 14:20:14",5586,5586,49.99
339,"2013-07-08 03:47:14",5574,5574,49.99
340,"2013-07-08 13:37:13",5616,5616,49.99
341,"2013-07-09 04:00:26",5451,5451,49.99
342,"2013-07-09 06:03:54",5635,5635,49.99
343,"2013-07-11 08:00:23",5631,5631,49.99
344,"2013-07-11 15:40:05",5663,5663,49.99
345,"2013-07-12 07:03:01",5700,5700,49.99
346,"2013-07-12 21:00:18",5712,5712,49.99
347,"2013-07-13 09:03:42",5607,5607,49.99
348,"2013-07-14 08:59:52",5576,5576,49.99
349,"2013-07-14 13:17:21",5683,5683,49.99
350,"2013-07-15 19:22:51",5746,5746,49.99
351,"2013-07-16 07:11:22",5578,5578,49.99
352,"2013-07-18 22:37:28",5843,5843,49.99
353,"2013-07-21 01:03:30",5650,5650,49.99
354,"2013-07-22 00:53:45",5696,5696,49.99
355,"2013-07-22 13:38:00",5750,5750,59.99
356,"2013-07-22 16:36:14",5906,5906,49.99
357,"2013-07-23 00:18:57",5847,5847,59.99
358,"2013-07-25 09:25:06",5863,5863,49.99
359,"2013-07-25 12:16:05",5802,5802,49.99
360,"2013-07-25 12:44:57",5855,5855,49.99
361,"2013-07-26 07:06:30",5799,5799,49.99
362,"2013-07-27 06:08:09",6031,6031,49.99
363,"2013-07-27 23:29:03",5914,5914,49.99
364,"2013-07-28 22:35:52",5865,5865,49.99
365,"2013-07-29 14:16:47",5938,5938,49.99
366,"2013-07-29 22:14:12",5946,5946,49.99
367,"2013-07-31 17:11:21",6074,6074,49.99
368,"2013-08-01 13:54:53",6047,6047,49.99
369,"2013-08-02 14:28:00",6158,6158,49.99
370,"2013-08-05 03:29:38",6054,6054,49.99
371,"2013-08-05 06:30:01",5933,5933,49.99
372,"2013-08-06 15:56:00",5993,5993,59.99
373,"2013-08-06 23:05:29",6052,6052,49.99
374,"2013-08-07 03:10:48",6139,6139,49.99
375,"2013-08-07 17:43:55",6195,6195,49.99
376,"2013-08-07 18:48:18",6075,6075,49.99
377,"2013-08-08 01:45:45",6059,6059,49.99
378,"2013-08-08 05:48:27",6008,6008,49.99
379,"2013-08-09 02:05:49",6269,6269,49.99
380,"2013-08-09 18:01:49",6110,6110,49.99
381,"2013-08-11 08:49:18",6226,6226,49.99
382,"2013-08-11 21:31:12",6247,6247,49.99
383,"2013-08-12 11:23:39",6251,6251,49.99
384,"2013-08-13 19:22:24",6324,6324,49.99
385,"2013-08-13 19:29:10",6103,6103,49.99
386,"2013-08-14 20:55:50",6173,6173,49.99
387,"2013-08-16 18:07:02",6215,6215,49.99
388,"2013-08-17 11:59:12",6244,6244,49.99
389,"2013-08-18 14:43:24",6395,6395,59.99
390,"2013-08-19 00:45:32",6387,6387,49.99
391,"2013-08-19 06:11:14",6259,6259,49.99
392,"2013-08-19 10:30:02",6273,6273,49.99
393,"2013-08-19 20:05:36",6421,6421,49.99
394,"2013-08-20 01:34:58",6302,6302,49.99
395,"2013-08-23 11:30:59",6355,6355,49.99
396,"2013-08-23 20:08:02",6432,6432,49.99
397,"2013-08-25 14:35:51",6528,6528,49.99
398,"2013-08-25 18:27:06",6465,6465,49.99
399,"2013-08-26 18:26:33",6461,6461,49.99
400,"2013-08-27 07:05:51",6634,6634,49.99
401,"2013-08-29 04:21:52",6451,6451,49.99
402,"2013-08-29 12:26:24",6526,6526,49.99
403,"2013-09-01 04:47:41",6504,6504,49.99
404,"2013-09-02 21:26:40",6589,6589,49.99
405,"2013-09-03 11:29:38",6627,6627,49.99
406,"2013-09-07 08:56:46",6758,6758,49.99
407,"2013-09-08 06:13:39",6721,6721,49.99
408,"2013-09-10 12:36:17",6805,6805,49.99
409,"2013-09-11 03:49:15",6743,6743,49.99
410,"2013-09-11 23:05:44",6882,6882,49.99
411,"2013-09-12 02:42:44",6899,6899,49.99
412,"2013-09-13 18:33:40",6943,6943,49.99
413,"2013-09-14 01:52:27",6750,6750,49.99
414,"2013-09-16 20:39:05",6940,6940,49.99
415,"2013-09-16 22:24:02",6825,6825,49.99
416,"2013-09-17 16:28:33",6865,6865,49.99
417,"2013-09-17 20:47:53",7009,7009,49.99
418,"2013-09-18 13:29:48",6991,6991,49.99
419,"2013-09-19 18:39:21",7035,7035,49.99
420,"2013-09-20 14:30:00",6947,6947,49.99
421,"2013-09-21 22:18:54",6952,6952,49.99
422,"2013-09-22 23:10:26",6981,6981,49.99
423,"2013-09-23 03:03:26",6999,6999,49.99
424,"2013-09-25 05:22:44",7154,7154,49.99
425,"2013-09-26 20:43:33",7250,7250,49.99
426,"2013-09-30 01:36:47",7077,7077,49.99
427,"2013-10-02 03:32:38",7230,7230,49.99
428,"2013-10-02 19:43:28",7354,7351,59.99
429,"2013-10-04 22:30:49",7164,7164,49.99
430,"2013-10-04 23:06:47",7192,7192,49.99
431,"2013-10-06 04:31:09",7480,7473,49.99
432,"2013-10-06 22:07:18",7512,7503,49.99
433,"2013-10-07 04:37:59",7259,7259,49.99
434,"2013-10-08 21:41:55",7323,7320,49.99
435,"2013-10-09 13:13:03",7308,7306,49.99
436,"2013-10-11 05:30:26",7533,7522,49.99
437,"2013-10-14 23:30:49",7582,7567,59.99
438,"2013-10-15 00:17:55",7502,7493,49.99
439,"2013-10-19 11:41:39",7741,7718,49.99
440,"2013-10-21 16:51:00",7736,7713,49.99
441,"2013-10-22 18:03:52",7636,7616,49.99
442,"2013-10-23 14:51:12",7889,7863,49.99
443,"2013-10-24 09:28:08",7598,7582,49.99
444,"2013-10-26 06:25:27",7667,7647,49.99
445,"2013-10-28 10:54:43",8014,7984,49.99
446,"2013-11-01 16:52:37",7847,7821,49.99
447,"2013-11-01 17:19:22",7877,7851,59.99
448,"2013-11-02 10:20:43",7945,7916,49.99
449,"2013-11-03 19:47:48",8101,8069,49.99
450,"2013-11-05 16:01:03",8164,8128,49.99
451,"2013-11-06 18:24:04",8041,8011,49.99
452,"2013-11-07 05:48:28",7939,7910,49.99
453,"2013-11-07 06:57:27",8049,8019,49.99
454,"2013-11-13 22:31:23",8270,8232,49.99
455,"2013-11-15 02:25:42",8287,8248,49.99
456,"2013-11-22 09:14:27",8530,8481,49.99
457,"2013-11-22 13:33:32",8521,8472,49.99
458,"2013-11-24 09:50:09",8578,8527,49.99
459,"2013-11-25 15:12:45",8359,8319,59.99
460,"2013-11-25 19:05:47",8657,8604,49.99
461,"2013-11-27 07:35:46",8637,8586,49.99
462,"2013-11-27 18:59:37",8602,8551,49.99
463,"2013-11-28 01:44:23",8703,8647,59.99
464,"2013-12-01 08:03:06",8783,8722,49.99
465,"2013-12-01 17:57:55",8732,8674,49.99
466,"2013-12-02 04:41:59",8729,8671,49.99
467,"2013-12-03 05:30:10",9052,8979,49.99
468,"2013-12-03 14:51:20",8737,8678,49.99
469,"2013-12-04 14:42:53",8911,8843,49.99
470,"2013-12-05 09:22:26",8675,8622,59.99
471,"2013-12-06 19:16:18",9086,9010,49.99
472,"2013-12-07 04:38:55",8856,8789,49.99
473,"2013-12-07 11:04:48",8836,8770,49.99
474,"2013-12-08 07:14:09",8935,8867,49.99
475,"2013-12-08 07:28:06",8967,8896,59.99
476,"2013-12-09 20:11:48",8957,8887,49.99
477,"2013-12-10 01:44:03",8929,8861,49.99
478,"2013-12-10 11:08:49",8978,8906,49.99
479,"2013-12-10 15:51:57",8997,8925,49.99
480,"2013-12-10 20:42:50",9069,8996,49.99
481,"2013-12-11 03:20:46",9181,9103,59.99
482,"2013-12-11 13:27:19",8992,8920,49.99
483,"2013-12-12 13:14:50",9378,9297,49.99
484,"2013-12-13 10:50:18",8915,8847,49.99
485,"2013-12-13 19:03:23",9386,9304,59.99
486,"2013-12-14 03:53:02",9344,9264,49.99
487,"2013-12-14 15:33:14",8849,8782,49.99
488,"2013-12-16 11:50:31",9407,9324,59.99
489,"2013-12-16 14:51:50",9359,9278,49.99
490,"2013-12-17 22:11:26",9550,9456,45.99
491,"2013-12-18 20:11:56",9324,9244,49.99
492,"2013-12-19 21:50:31",9406,9324,49.99
493,"2013-12-20 08:33:45",9443,9356,49.99
494,"2013-12-22 03:33:17",9753,9637,45.99
495,"2013-12-22 20:59:19",9705,9593,49.99
496,"2013-12-23 07:35:50",9831,9708,49.99
497,"2013-12-23 08:06:54",9632,9530,49.99
498,"2013-12-23 14:07:39",9717,9604,49.99
499,"2013-12-24 22:26:39",9413,9330,49.99
500,"2013-12-26 21:12:21",9662,9557,49.99
501,"2013-12-27 07:23:16",9668,9562,49.99
502,"2013-12-27 09:07:36",9844,9720,45.99
503,"2013-12-27 20:01:18",9508,9417,45.99
504,"2013-12-28 22:25:38",9752,9636,49.99
505,"2013-12-29 04:25:32",9658,9553,45.99
506,"2013-12-30 11:01:17",9886,9759,45.99
507,"2013-12-31 14:12:03",9821,9700,49.99
508,"2013-12-31 22:38:14",9611,9512,49.99
509,"2014-01-03 00:42:51",9971,9838,59.99
510,"2014-01-03 22:46:25",10104,9949,45.99
511,"2014-01-05 00:43:13",10075,9925,45.99
512,"2014-01-06 07:13:14",10047,9903,45.99
513,"2014-01-06 10:30:53",10274,10098,49.99
514,"2014-01-07 05:19:10",9891,9763,45.99
515,"2014-01-07 12:18:01",10068,9919,49.99
516,"2014-01-08 17:28:31",10285,10109,49.99
517,"2014-01-09 14:13:21",10207,10041,45.99
518,"2014-01-12 19:15:45",10321,10143,59.99
519,"2014-01-14 18:19:27",10509,10309,45.99
520,"2014-01-14 19:40:53",10430,10241,59.99
521,"2014-01-15 20:06:48",10330,10151,45.99
522,"2014-01-16 01:14:22",10604,10395,45.99
523,"2014-01-17 01:59:14",10540,10335,45.99
524,"2014-01-17 06:59:35",10301,10124,49.99
525,"2014-01-17 17:53:48",10334,10155,49.99
526,"2014-01-19 08:22:15",10699,10478,45.99
527,"2014-01-20 06:39:07",10577,10371,49.99
528,"2014-01-20 18:13:53",10373,10191,49.99
529,"2014-01-21 02:43:13",10503,10304,49.99
530,"2014-01-21 17:37:42",10707,10486,49.99
531,"2014-01-22 20:04:47",10771,10540,49.99
532,"2014-01-22 20:47:11",10385,10202,45.99
533,"2014-01-23 06:10:13",10671,10454,49.99
534,"2014-01-23 06:59:12",10669,10453,49.99
535,"2014-01-25 12:11:43",10820,10582,45.99
536,"2014-01-25 19:50:22",10513,10312,49.99
537,"2014-01-27 21:08:12",10690,10470,59.99
538,"2014-01-28 09:57:24",10977,10719,49.99
539,"2014-01-28 13:22:23",10673,10456,49.99
540,"2014-01-28 22:50:24",10854,10610,45.99
541,"2014-01-29 13:24:39",10653,10439,49.99
542,"2014-01-30 04:06:18",10624,10413,49.99
543,"2014-01-30 10:46:03",10618,10408,59.99
544,"2014-01-31 10:37:12",10859,10615,49.99
545,"2014-02-01 03:08:27",10792,10558,49.99
546,"2014-02-01 03:22:00",10721,10497,49.99
547,"2014-02-02 00:25:06",10949,10693,49.99
548,"2014-02-02 05:38:23",10786,10553,49.99
549,"2014-02-02 12:30:50",10746,10519,49.99
550,"2014-02-02 21:05:09",10934,10678,45.99
551,"2014-02-03 12:01:59",10851,10607,49.99
552,"2014-02-04 13:36:33",10994,10736,49.99
553,"2014-02-05 06:19:05",10965,10707,49.99
554,"2014-02-05 10:56:12",11162,10885,49.99
555,"2014-02-05 16:23:28",11368,11062,49.99
556,"2014-02-06 04:08:28",11313,11018,49.99
557,"2014-02-06 12:15:01",11030,10769,49.99
558,"2014-02-07 02:50:09",11110,10839,45.99
559,"2014-02-08 22:50:49",11418,11106,49.99
560,"2014-02-09 01:42:05",11153,10877,49.99
561,"2014-02-09 06:23:27",11155,10878,49.99
562,"2014-02-09 08:01:23",11554,11208,45.99
563,"2014-02-10 05:50:25",11525,11188,49.99
564,"2014-02-10 07:35:46",11455,11139,49.99
565,"2014-02-10 20:08:43",11199,10917,45.99
566,"2014-02-11 17:13:35",11272,10983,49.99
567,"2014-02-12 01:32:14",11144,10869,45.99
568,"2014-02-12 03:28:45",11393,11084,45.99
569,"2014-02-14 08:29:42",11184,10904,49.99
570,"2014-02-14 09:10:25",11482,11157,45.99
571,"2014-02-14 09:38:13",11439,11124,49.99
572,"2014-02-14 17:13:20",11758,11367,59.99
573,"2014-02-14 17:59:23",11788,11390,45.99
574,"2014-02-15 14:12:54",11550,11206,45.99
575,"2014-02-15 21:54:10",11600,11244,49.99
576,"2014-02-17 22:42:45",11493,11165,29.99
577,"2014-02-18 20:53:19",11557,11211,49.99
578,"2014-02-20 14:42:45",11944,11511,45.99
579,"2014-02-22 09:50:13",12144,11658,49.99
580,"2014-02-22 18:45:29",12068,11603,49.99
581,"2014-02-23 12:02:12",11629,11265,59.99
582,"2014-02-23 16:11:02",12174,11680,49.99
583,"2014-02-24 00:08:03",12330,11787,45.99
584,"2014-02-24 08:18:13",11825,11419,59.99
585,"2014-02-24 13:55:31",11955,11522,59.99
586,"2014-02-25 19:36:40",11778,11382,59.99
587,"2014-02-26 13:26:09",12044,11588,49.99
588,"2014-02-26 15:13:39",12097,11626,49.99
589,"2014-02-26 17:19:09",12320,11780,45.99
590,"2014-02-27 09:25:50",12444,11877,49.99
591,"2014-02-27 14:34:45",12175,11681,45.99
592,"2014-02-28 02:31:09",12373,11822,49.99
593,"2014-02-28 21:22:50",12438,11873,45.99
594,"2014-03-01 10:59:50",11974,11535,59.99
595,"2014-03-01 13:21:04",12122,11643,45.99
596,"2014-03-01 20:14:03",12430,11866,29.99
597,"2014-03-02 02:18:21",12035,11582,49.99
598,"2014-03-02 20:08:24",12359,11811,45.99
599,"2014-03-02 20:33:35",12406,11848,49.99
600,"2014-03-03 23:49:12",12135,11652,49.99
601,"2014-03-04 19:59:19",12287,11760,45.99
602,"2014-03-05 11:49:54",12608,11999,49.99
603,"2014-03-08 00:37:01",12744,12101,49.99
604,"2014-03-08 01:13:49",12737,12095,49.99
605,"2014-03-09 05:12:32",12761,12115,45.99
606,"2014-03-09 06:52:47",12403,11845,49.99
607,"2014-03-09 19:25:17",12544,11951,49.99
608,"2014-03-11 04:40:05",12531,11941,49.99
609,"2014-03-13 03:24:53",12591,11987,49.99
610,"2014-03-13 03:26:11",12738,12096,49.99
611,"2014-03-14 14:28:06",12560,11964,45.99
612,"2014-03-15 04:16:38",13175,12436,49.99
613,"2014-03-15 09:09:23",12869,12198,49.99
614,"2014-03-16 10:27:47",12724,12085,49.99
615,"2014-03-16 15:24:21",12844,12179,59.99
616,"2014-03-17 18:34:45",13224,12470,49.99
617,"2014-03-18 01:20:59",13251,12491,45.99
618,"2014-03-18 12:58:10",12902,12225,45.99
619,"2014-03-19 19:06:22",13003,12295,49.99
620,"2014-03-20 04:50:10",12970,12273,45.99
621,"2014-03-20 10:40:28",13150,12414,49.99
622,"2014-03-21 02:37:19",13405,12601,49.99
623,"2014-03-22 21:17:45",13530,12694,45.99
624,"2014-03-23 13:10:19",12960,12267,45.99
625,"2014-03-23 22:27:33",13165,12428,49.99
626,"2014-03-24 15:46:08",13651,12783,49.99
627,"2014-03-24 20:15:46",13259,12497,45.99
628,"2014-03-25 06:33:06",13108,12377,49.99
629,"2014-03-25 18:40:12",13230,12474,29.99
630,"2014-03-26 02:11:53",13669,12798,49.99
631,"2014-03-26 09:52:51",13542,12704,49.99
632,"2014-03-26 14:46:45",13508,12677,45.99
633,"2014-03-27 12:38:52",13343,12553,59.99
634,"2014-03-28 11:16:37",13606,12749,45.99
635,"2014-03-28 12:21:44",13438,12626,45.99
636,"2014-03-28 13:07:30",13400,12596,49.99
637,"2014-03-29 14:27:31",13817,12905,49.99
638,"2014-03-30 22:35:06",13452,12637,49.99
639,"2014-04-01 11:14:44",13903,12967,45.99
640,"2014-04-02 03:44:28",13904,12968,45.99
641,"2014-04-02 10:48:52",13458,12640,49.99
642,"2014-04-02 21:25:42",13769,12868,45.99
643,"2014-04-04 04:14:15",13855,12932,45.99
644,"2014-04-04 04:48:41",13766,12866,49.99
645,"2014-04-04 13:08:31",13956,13006,45.99
646,"2014-04-04 18:11:16",13983,13028,45.99
647,"2014-04-05 04:16:24",13962,13011,49.99
648,"2014-04-05 18:00:31",13939,12994,49.99
649,"2014-04-06 17:59:51",13798,12891,45.99
650,"2014-04-07 13:50:43",14161,13162,49.99
651,"2014-04-08 05:13:40",13934,12989,49.99
652,"2014-04-09 21:50:41",14244,13227,49.99
653,"2014-04-10 04:04:55",14320,13285,49.99
654,"2014-04-10 07:27:22",14331,13293,49.99
655,"2014-04-11 07:40:00",13883,12951,59.99
656,"2014-04-11 08:27:56",14397,13339,45.99
657,"2014-04-11 10:24:05",14216,13206,49.99
658,"2014-04-12 05:30:50",13964,13012,49.99
659,"2014-04-13 04:59:13",14429,13361,49.99
660,"2014-04-13 06:48:15",14175,13172,49.99
661,"2014-04-13 19:40:02",14377,13324,49.99
662,"2014-04-16 00:44:01",14160,13161,49.99
663,"2014-04-17 15:06:51",14610,13503,49.99
664,"2014-04-18 04:58:58",14798,13640,49.99
665,"2014-04-18 14:31:52",14407,13345,49.99
666,"2014-04-19 02:35:27",14803,13644,49.99
667,"2014-04-19 08:20:46",14466,13389,49.99
668,"2014-04-19 12:23:39",14432,13363,49.99
669,"2014-04-20 12:19:32",14721,13586,45.99
670,"2014-04-20 13:12:34",14444,13372,49.99
671,"2014-04-20 15:16:26",14985,13785,49.99
672,"2014-04-21 02:44:39",14591,13489,45.99
673,"2014-04-21 12:36:33",14427,13360,49.99
674,"2014-04-21 19:09:14",14920,13737,45.99
675,"2014-04-22 07:02:24",14975,13778,49.99
676,"2014-04-22 07:08:08",15005,13798,49.99
677,"2014-04-22 15:39:29",14785,13630,45.99
678,"2014-04-23 03:12:27",14832,13667,45.99
679,"2014-04-24 02:49:46",14766,13618,45.99
680,"2014-04-24 04:28:50",15133,13889,59.99
681,"2014-04-24 20:20:45",14554,13458,49.99
682,"2014-04-25 07:19:08",15207,13946,45.99
683,"2014-04-25 13:14:11",14628,13516,45.99
684,"2014-04-25 18:29:30",14838,13672,49.99
685,"2014-04-26 12:10:39",15115,13875,49.99
686,"2014-04-27 05:43:00",14855,13687,49.99
687,"2014-04-27 09:17:42",15256,13986,45.99
688,"2014-04-27 14:23:27",14851,13683,49.99
689,"2014-04-28 22:56:09",14742,13602,49.99
690,"2014-04-29 00:42:44",15353,14054,49.99
691,"2014-04-29 09:55:36",14996,13792,59.99
692,"2014-04-29 10:32:30",15391,14081,45.99
693,"2014-04-30 19:04:35",14771,13622,49.99
694,"2014-05-01 00:31:26",15140,13894,45.99
695,"2014-05-01 18:03:35",15188,13930,49.99
696,"2014-05-02 16:55:29",14946,13756,45.99
697,"2014-05-03 03:09:53",15108,13871,49.99
698,"2014-05-04 07:02:07",15811,14392,49.99
699,"2014-05-04 07:32:54",15518,14172,29.99
700,"2014-05-04 15:54:25",15255,13985,59.99
701,"2014-05-05 03:44:02",15848,14419,45.99
702,"2014-05-05 13:42:18",15266,13994,29.99
703,"2014-05-06 20:02:19",15399,14086,49.99
704,"2014-05-07 03:07:19",15377,14070,45.99
705,"2014-05-07 06:43:27",15926,14476,45.99
706,"2014-05-08 15:13:51",15482,14146,29.99
707,"2014-05-08 16:54:17",15571,14213,45.99
708,"2014-05-09 01:36:12",15703,14314,45.99
709,"2014-05-09 05:29:56",15508,14165,45.99
710,"2014-05-09 09:10:13",15709,14317,59.99
711,"2014-05-09 17:22:34",15833,14408,45.99
712,"2014-05-10 03:34:03",15630,14260,45.99
713,"2014-05-10 05:46:15",16082,14585,29.99
714,"2014-05-11 09:55:29",15462,14131,29.99
715,"2014-05-12 18:25:00",15924,14475,49.99
716,"2014-05-13 08:24:31",15593,14230,49.99
717,"2014-05-13 09:57:18",16030,14547,45.99
718,"2014-05-13 20:01:45",16020,14542,49.99
719,"2014-05-13 21:20:59",15824,14401,45.99
720,"2014-05-14 14:17:42",15853,14423,45.99
721,"2014-05-15 12:39:58",16235,14697,45.99
722,"2014-05-16 05:06:02",15843,14416,45.99
723,"2014-05-17 08:41:16",16056,14566,49.99
724,"2014-05-17 18:23:16",16173,14653,45.99
725,"2014-05-18 07:29:27",16633,14989,49.99
726,"2014-05-19 02:24:14",16418,14830,49.99
727,"2014-05-20 05:11:38",15974,14507,49.99
728,"2014-05-20 13:49:15",16565,14936,49.99
729,"2014-05-20 15:26:42",16416,14828,45.99
730,"2014-05-20 19:49:10",16329,14766,45.99
731,"2014-05-21 11:40:04",16304,14747,59.99
732,"2014-05-22 13:59:58",16062,14570,49.99
733,"2014-05-23 02:39:07",16414,14827,49.99
734,"2014-05-23 22:34:56",16618,14975,49.99
735,"2014-05-24 08:40:16",16257,14715,49.99
736,"2014-05-24 09:37:29",16627,14984,49.99
737,"2014-05-24 23:31:07",17110,15338,49.99
738,"2014-05-26 06:35:51",16378,14801,49.99
739,"2014-05-27 16:57:12",16851,15148,49.99
740,"2014-05-28 19:36:16",16641,14993,45.99
741,"2014-05-29 10:00:56",16690,15033,45.99
742,"2014-05-29 14:11:19",16670,15016,49.99
743,"2014-05-30 02:21:59",17234,15436,59.99
744,"2014-05-31 12:25:31",17089,15323,45.99
745,"2014-06-01 20:34:06",17214,15419,59.99
746,"2014-06-01 20:47:16",17273,15465,45.99
747,"2014-06-02 00:36:31",17132,15353,29.99
748,"2014-06-02 02:10:57",17360,15523,49.99
749,"2014-06-02 12:30:30",16879,15166,45.99
750,"2014-06-03 05:15:48",16962,15229,49.99
751,"2014-06-03 13:09:52",17620,15715,49.99
752,"2014-06-03 18:50:06",16956,15224,49.99
753,"2014-06-03 22:15:36",17510,15633,45.99
754,"2014-06-04 18:41:32",17459,15596,49.99
755,"2014-06-04 21:04:33",17173,15388,49.99
756,"2014-06-05 03:52:32",17265,15458,59.99
757,"2014-06-06 03:59:18",17642,15732,49.99
758,"2014-06-06 15:51:13",17482,15613,49.99
759,"2014-06-07 10:20:58",17750,15810,59.99
760,"2014-06-08 09:58:59",17601,15702,49.99
761,"2014-06-08 20:39:54",17881,15908,49.99
762,"2014-06-09 00:25:57",17857,15890,49.99
763,"2014-06-09 01:51:17",17385,15539,49.99
764,"2014-06-09 02:00:27",17209,15415,49.99
765,"2014-06-09 18:47:39",17419,15565,49.99
766,"2014-06-10 00:33:58",17938,15946,49.99
767,"2014-06-10 03:34:50",17403,15555,49.99
768,"2014-06-10 04:55:19",17354,15519,49.99
769,"2014-06-10 18:38:15",17829,15870,49.99
770,"2014-06-11 23:40:25",17751,15811,49.99
771,"2014-06-12 09:32:33",17619,15714,45.99
772,"2014-06-12 17:43:32",18032,16015,45.99
773,"2014-06-13 01:00:13",17554,15668,49.99
774,"2014-06-13 14:15:31",18080,16053,49.99
775,"2014-06-14 08:51:09",17845,15879,49.99
776,"2014-06-14 15:16:30",17672,15752,59.99
777,"2014-06-14 18:36:14",18019,16005,49.99
778,"2014-06-16 02:19:46",18320,16227,29.99
779,"2014-06-16 14:30:33",18110,16073,29.99
780,"2014-06-16 17:06:36",17848,15882,49.99
781,"2014-06-17 12:08:00",18271,16192,49.99
782,"2014-06-17 19:52:13",18288,16204,49.99
783,"2014-06-17 19:57:03",17755,15814,45.99
784,"2014-06-18 01:58:33",18146,16101,49.99
785,"2014-06-18 09:26:05",18415,16302,49.99
786,"2014-06-18 23:05:22",17856,15889,49.99
787,"2014-06-19 03:20:38",18070,16045,29.99
788,"2014-06-19 11:33:56",18375,16274,49.99
789,"2014-06-19 13:09:00",18327,16233,49.99
790,"2014-06-19 15:08:43",18053,16033,49.99
791,"2014-06-20 02:10:41",18573,16422,49.99
792,"2014-06-20 08:52:23",17828,15869,45.99
793,"2014-06-20 14:18:21",18419,16305,49.99
794,"2014-06-21 10:52:06",18301,16215,49.99
795,"2014-06-21 17:18:52",18389,16284,29.99
796,"2014-06-22 12:11:36",18049,16029,45.99
797,"2014-06-22 12:41:47",18100,16067,49.99
798,"2014-06-22 14:53:41",18698,16514,49.99
799,"2014-06-23 02:15:43",18267,16189,49.99
800,"2014-06-23 06:51:10",18609,16445,45.99
801,"2014-06-23 10:37:59",18090,16060,59.99
802,"2014-06-24 17:14:37",18312,16223,49.99
803,"2014-06-24 23:12:34",18072,16047,49.99
804,"2014-06-25 13:51:51",18686,16503,49.99
805,"2014-06-25 22:20:36",18847,16628,45.99
806,"2014-06-27 04:13:14",18226,16160,45.99
807,"2014-06-27 06:57:15",18599,16438,59.99
808,"2014-06-28 07:36:56",18713,16526,59.99
809,"2014-06-29 02:03:00",18804,16596,45.99
810,"2014-06-29 16:50:34",18542,16398,49.99
811,"2014-06-29 21:40:30",19138,16836,45.99
812,"2014-06-30 04:33:18",18720,16531,49.99
813,"2014-06-30 18:02:24",18602,16440,59.99
814,"2014-07-01 09:38:33",19100,16814,49.99
815,"2014-07-01 16:06:36",18532,16392,49.99
816,"2014-07-01 21:18:18",18903,16671,45.99
817,"2014-07-02 03:28:18",18658,16481,49.99
818,"2014-07-02 13:44:35",18786,16582,45.99
819,"2014-07-02 14:22:01",18578,16425,49.99
820,"2014-07-02 15:55:22",18954,16704,49.99
821,"2014-07-04 04:13:02",19097,16811,59.99
822,"2014-07-04 05:57:54",19235,16908,49.99
823,"2014-07-04 06:55:28",19318,16971,49.99
824,"2014-07-04 13:49:14",19052,16781,49.99
825,"2014-07-04 23:55:26",19213,16890,29.99
826,"2014-07-05 00:06:59",19268,16936,45.99
827,"2014-07-06 00:14:47",18719,16530,49.99
828,"2014-07-06 02:38:13",19335,16984,49.99
829,"2014-07-06 05:18:40",19076,16796,29.99
830,"2014-07-06 05:49:16",18777,16577,49.99
831,"2014-07-06 07:22:30",18849,16630,49.99
832,"2014-07-06 08:10:37",18826,16613,59.99
833,"2014-07-06 13:12:38",18922,16684,45.99
834,"2014-07-06 15:52:53",18889,16660,49.99
835,"2014-07-07 04:46:59",19025,16761,49.99
836,"2014-07-07 04:56:03",19336,16985,49.99
837,"2014-07-07 08:06:50",19220,16896,49.99
838,"2014-07-07 15:51:20",19216,16893,49.99
839,"2014-07-08 09:44:50",18994,16738,45.99
840,"2014-07-09 00:44:31",19103,16816,49.99
841,"2014-07-09 02:34:38",19529,17127,29.99
842,"2014-07-09 14:34:30",19206,16885,45.99
843,"2014-07-10 13:01:05",19029,16764,49.99
844,"2014-07-11 10:48:03",19232,16905,59.99
845,"2014-07-11 11:34:02",19606,17189,49.99
846,"2014-07-11 23:36:47",19272,16939,49.99
847,"2014-07-12 00:17:50",19433,17058,59.99
848,"2014-07-12 07:42:04",19558,17150,49.99
849,"2014-07-12 14:29:30",19251,16921,49.99
850,"2014-07-12 19:13:47",19451,17070,45.99
851,"2014-07-13 06:35:29",19174,16862,49.99
852,"2014-07-13 16:28:02",19140,16838,49.99
853,"2014-07-14 01:41:58",19342,16990,49.99
854,"2014-07-14 04:09:33",19281,16944,49.99
855,"2014-07-14 11:37:07",19728,17280,49.99
856,"2014-07-14 20:51:35",19822,17349,49.99
857,"2014-07-15 19:26:36",19332,16981,45.99
858,"2014-07-16 04:20:20",19858,17375,49.99
859,"2014-07-16 21:44:47",19347,16994,59.99
860,"2014-07-17 08:28:26",20036,17508,49.99
861,"2014-07-17 13:25:48",19981,17467,49.99
862,"2014-07-18 00:05:59",19866,17381,29.99
863,"2014-07-18 17:34:52",20132,17575,49.99
864,"2014-07-19 09:33:11",19831,17355,59.99
865,"2014-07-19 15:34:02",20189,17614,49.99
866,"2014-07-19 21:00:07",19942,17437,49.99
867,"2014-07-21 04:57:41",19684,17246,45.99
868,"2014-07-21 21:47:48",19635,17211,49.99
869,"2014-07-21 23:16:09",20129,17573,49.99
870,"2014-07-22 06:58:14",19671,17236,59.99
871,"2014-07-23 05:12:57",20022,17498,59.99
872,"2014-07-23 06:48:10",19811,17340,49.99
873,"2014-07-23 10:04:13",20160,17596,45.99
874,"2014-07-23 13:48:53",20210,17630,49.99
875,"2014-07-23 23:07:03",20371,17755,45.99
876,"2014-07-24 07:20:55",20380,17761,49.99
877,"2014-07-24 14:37:39",20339,17730,49.99
878,"2014-07-24 19:48:03",19797,17330,59.99
879,"2014-07-25 14:12:36",20262,17674,29.99
880,"2014-07-25 20:25:34",19848,17368,49.99
881,"2014-07-26 17:17:06",20355,17743,49.99
882,"2014-07-26 22:01:23",19933,17430,49.99
883,"2014-07-27 11:36:52",20171,17603,49.99
884,"2014-07-28 00:37:01",19919,17418,49.99
885,"2014-07-28 11:48:15",20070,17530,45.99
886,"2014-07-28 18:37:20",20116,17564,49.99
887,"2014-07-28 19:26:29",20288,17693,49.99
888,"2014-07-29 00:41:55",20439,17805,49.99
889,"2014-07-29 03:12:04",20092,17547,49.99
890,"2014-07-29 13:26:45",20374,17757,49.99
891,"2014-07-30 05:50:26",20620,17934,45.99
892,"2014-08-01 08:10:49",20645,17954,49.99
893,"2014-08-02 04:13:19",20342,17733,45.99
894,"2014-08-02 06:45:47",20425,17796,59.99
895,"2014-08-02 15:13:40",20506,17855,49.99
896,"2014-08-02 16:01:43",20276,17685,59.99
897,"2014-08-02 23:55:52",20740,18022,49.99
898,"2014-08-03 17:08:20",20469,17829,59.99
899,"2014-08-04 02:54:00",21063,18259,49.99
900,"2014-08-04 15:17:30",20316,17714,45.99
901,"2014-08-05 16:23:27",20779,18051,49.99
902,"2014-08-06 02:16:12",20773,18046,45.99
903,"2014-08-06 06:30:01",20398,17776,29.99
904,"2014-08-06 21:16:28",20607,17926,49.99
905,"2014-08-07 06:08:42",20621,17935,49.99
906,"2014-08-08 22:42:37",21221,18376,45.99
907,"2014-08-09 20:04:14",20990,18205,49.99
908,"2014-08-10 10:04:08",20973,18192,49.99
909,"2014-08-11 12:49:32",21303,18438,45.99
910,"2014-08-11 18:50:48",20876,18124,49.99
911,"2014-08-12 03:12:25",21205,18364,49.99
912,"2014-08-12 03:31:59",21103,18287,49.99
913,"2014-08-12 08:38:45",21014,18222,49.99
914,"2014-08-12 11:49:43",21349,18472,45.99
915,"2014-08-12 19:19:32",21306,18441,49.99
916,"2014-08-14 02:05:57",21084,18274,59.99
917,"2014-08-14 02:46:37",21143,18319,45.99
918,"2014-08-14 08:17:24",21025,18230,49.99
919,"2014-08-14 21:53:13",21011,18219,49.99
920,"2014-08-14 23:04:23",20991,18206,45.99
921,"2014-08-15 03:49:05",21254,18402,49.99
922,"2014-08-15 04:53:05",21223,18377,49.99
923,"2014-08-15 23:29:10",21507,18592,49.99
924,"2014-08-16 21:52:30",21421,18529,45.99
925,"2014-08-16 22:57:28",21744,18767,49.99
926,"2014-08-17 13:01:29",21714,18743,49.99
927,"2014-08-20 09:20:59",21345,18470,49.99
928,"2014-08-20 16:09:45",21882,18871,49.99
929,"2014-08-20 20:03:54",21356,18478,45.99
930,"2014-08-21 09:33:59",21276,18419,49.99
931,"2014-08-21 22:03:27",21319,18451,49.99
932,"2014-08-22 17:34:30",21639,18690,49.99
933,"2014-08-23 00:56:53",22216,19116,49.99
934,"2014-08-23 09:47:42",22133,19054,49.99
935,"2014-08-23 10:17:12",22129,19050,49.99
936,"2014-08-23 10:59:57",21423,18530,45.99
937,"2014-08-23 11:30:44",22155,19070,49.99
938,"2014-08-23 16:59:26",21829,18830,45.99
939,"2014-08-23 18:23:38",22107,19032,49.99
940,"2014-08-24 00:13:24",22123,19046,49.99
941,"2014-08-24 02:19:02",22215,19115,49.99
942,"2014-08-24 05:00:16",21855,18849,45.99
943,"2014-08-24 14:52:50",22166,19078,49.99
944,"2014-08-24 18:04:51",22169,19081,49.99
945,"2014-08-24 19:31:32",22208,19110,49.99
946,"2014-08-24 20:13:15",22247,19138,49.99
947,"2014-08-24 21:29:16",21939,18915,45.99
948,"2014-08-24 22:22:47",22118,19042,59.99
949,"2014-08-25 03:05:56",22142,19060,49.99
950,"2014-08-25 04:26:32",22267,19154,45.99
951,"2014-08-25 06:58:51",21841,18839,49.99
952,"2014-08-25 17:10:20",22201,19105,45.99
953,"2014-08-25 17:52:45",22177,19086,45.99
954,"2014-08-25 22:31:25",22336,19206,49.99
955,"2014-08-25 23:05:21",22316,19191,49.99
956,"2014-08-26 09:21:22",22117,19041,45.99
957,"2014-08-26 20:07:18",21592,18657,59.99
958,"2014-08-27 22:20:37",21876,18866,49.99
959,"2014-08-28 19:54:31",22375,19237,49.99
960,"2014-08-29 04:11:28",21889,18877,49.99
961,"2014-08-29 08:14:46",22481,19313,45.99
962,"2014-08-29 10:49:59",22270,19157,49.99
963,"2014-08-29 13:15:34",22312,19188,49.99
964,"2014-08-29 13:57:56",21794,18805,45.99
965,"2014-08-29 18:39:41",22505,19329,49.99
966,"2014-08-29 19:00:03",22356,19222,49.99
967,"2014-08-29 19:20:47",22068,19005,49.99
968,"2014-08-29 19:56:30",22167,19079,49.99
969,"2014-08-29 22:09:07",22357,19223,49.99
970,"2014-08-30 04:08:19",21887,18876,49.99
971,"2014-08-30 08:11:42",22545,19358,45.99
972,"2014-08-30 13:42:40",22388,19247,49.99
973,"2014-08-30 18:14:15",22397,19254,49.99
974,"2014-08-30 19:26:48",22330,19202,49.99
975,"2014-08-30 22:08:04",22361,19226,49.99
976,"2014-08-31 04:53:28",22560,19369,49.99
977,"2014-08-31 05:36:39",21988,18951,49.99
978,"2014-08-31 05:47:28",22371,19234,49.99
979,"2014-08-31 08:14:10",22462,19300,49.99
980,"2014-08-31 14:51:05",22680,19456,49.99
981,"2014-08-31 17:01:16",22199,19104,49.99
982,"2014-08-31 17:08:33",22648,19433,49.99
983,"2014-08-31 22:08:57",22180,19089,49.99
984,"2014-08-31 23:50:15",22292,19174,49.99
985,"2014-09-01 03:54:29",22621,19412,49.99
986,"2014-09-01 13:40:49",22087,19018,49.99
987,"2014-09-01 14:38:53",22148,19064,49.99
988,"2014-09-02 06:16:54",22784,19531,49.99
989,"2014-09-02 16:13:43",22610,19403,49.99
990,"2014-09-02 18:57:06",22442,19285,49.99
991,"2014-09-02 21:25:36",22219,19118,49.99
992,"2014-09-03 03:36:22",22437,19282,49.99
993,"2014-09-03 03:41:42",22268,19155,49.99
994,"2014-09-03 08:16:05",22699,19470,49.99
995,"2014-09-03 08:48:56",22506,19330,49.99
996,"2014-09-03 08:57:27",22586,19386,49.99
997,"2014-09-03 09:31:26",22671,19449,49.99
998,"2014-09-03 10:05:12",22807,19547,49.99
999,"2014-09-03 10:09:00",22805,19545,45.99
1000,"2014-09-03 11:09:05",22644,19429,49.99
1001,"2014-09-03 16:15:19",22766,19517,45.99
1002,"2014-09-03 20:46:28",22823,19558,49.99
1003,"2014-09-03 20:59:52",22359,19225,49.99
1004,"2014-09-03 22:11:50",22690,19464,29.99
1005,"2014-09-03 22:17:44",22526,19345,49.99
1006,"2014-09-04 04:42:09",22276,19161,49.99
1007,"2014-09-04 06:36:44",22343,19211,49.99
1008,"2014-09-04 07:07:47",22637,19423,49.99
1009,"2014-09-04 10:10:37",22468,19304,49.99
1010,"2014-09-04 10:51:37",22259,19147,49.99
1011,"2014-09-04 11:23:41",22287,19169,49.99
1012,"2014-09-04 17:52:39",22279,19163,49.99
1013,"2014-09-04 20:22:40",22244,19136,49.99
1014,"2014-09-04 22:43:02",22646,19431,49.99
1015,"2014-09-05 00:50:56",22382,19242,49.99
1016,"2014-09-05 01:12:30",22530,19348,49.99
1017,"2014-09-05 01:29:37",22341,19210,49.99
1018,"2014-09-05 02:37:38",22550,19362,49.99
1019,"2014-09-05 02:37:59",22578,19381,49.99
1020,"2014-09-05 04:11:01",22960,19652,49.99
1021,"2014-09-05 07:18:20",22880,19597,49.99
1022,"2014-09-05 10:19:50",22783,19530,49.99
1023,"2014-09-05 11:50:27",22742,19499,49.99
1024,"2014-09-05 15:51:55",22262,19150,49.99
1025,"2014-09-05 16:29:04",22528,19346,49.99
1026,"2014-09-05 20:03:07",22548,19360,49.99
1027,"2014-09-05 23:29:04",22332,19203,49.99
1028,"2014-09-06 13:18:33",23085,19742,59.99
1029,"2014-09-06 16:38:37",22822,19557,49.99
1030,"2014-09-06 17:47:26",22878,19596,49.99
1031,"2014-09-06 17:49:44",23035,19709,45.99
1032,"2014-09-06 20:01:57",22790,19535,29.99
1033,"2014-09-06 20:02:50",22688,19463,49.99
1034,"2014-09-06 23:29:39",23051,19720,49.99
1035,"2014-09-06 23:32:24",22964,19655,49.99
1036,"2014-09-07 00:29:01",22502,19327,49.99
1037,"2014-09-07 01:37:44",22893,19604,49.99
1038,"2014-09-07 06:17:13",22509,19333,49.99
1039,"2014-09-07 07:04:04",23132,19776,49.99
1040,"2014-09-07 07:47:09",22440,19284,49.99
1041,"2014-09-07 07:47:54",22396,19253,49.99
1042,"2014-09-07 09:25:21",22381,19241,45.99
1043,"2014-09-07 10:19:47",22368,19232,49.99
1044,"2014-09-07 14:36:49",22384,19243,49.99
1045,"2014-09-07 16:28:32",23135,19778,49.99
1046,"2014-09-07 23:30:27",22767,19518,49.99
1047,"2014-09-08 02:06:05",22987,19673,49.99
1048,"2014-09-08 02:09:17",23031,19706,49.99
1049,"2014-09-08 08:06:26",22967,19657,49.99
1050,"2014-09-08 11:52:52",22428,19275,49.99
1051,"2014-09-08 12:25:37",22557,19367,49.99
1052,"2014-09-08 16:57:03",23067,19731,49.99
1053,"2014-09-08 20:43:21",22806,19546,49.99
1054,"2014-09-08 23:07:09",22507,19331,49.99
1055,"2014-09-09 01:02:57",22746,19502,49.99
1056,"2014-09-09 03:11:04",22508,19332,49.99
1057,"2014-09-09 06:44:08",22826,19560,49.99
1058,"2014-09-09 09:56:34",23136,19779,49.99
1059,"2014-09-09 11:10:42",22448,19290,49.99
1060,"2014-09-09 15:07:31",22423,19271,49.99
1061,"2014-09-09 15:50:53",22417,19267,49.99
1062,"2014-09-09 17:00:06",22710,19476,49.99
1063,"2014-09-09 17:02:57",22848,19576,49.99
1064,"2014-09-09 17:31:59",22896,19606,49.99
1065,"2014-09-09 18:43:19",22906,19613,49.99
1066,"2014-09-09 21:38:52",23208,19834,49.99
1067,"2014-09-09 21:56:43",22730,19490,49.99
1068,"2014-09-09 21:59:40",22812,19551,49.99
1069,"2014-09-09 23:32:39",22612,19405,49.99
1070,"2014-09-10 01:33:28",22522,19343,49.99
1071,"2014-09-10 02:28:06",23064,19729,49.99
1072,"2014-09-10 02:40:58",22556,19366,49.99
1073,"2014-09-10 03:13:04",22479,19312,49.99
1074,"2014-09-10 05:21:09",23104,19757,49.99
1075,"2014-09-10 08:18:59",22531,19349,49.99
1076,"2014-09-10 09:23:41",22825,19559,49.99
1077,"2014-09-10 14:57:09",23017,19695,45.99
1078,"2014-09-10 15:05:15",23166,19801,49.99
1079,"2014-09-10 19:15:46",22605,19399,49.99
1080,"2014-09-10 19:52:43",22743,19500,49.99
1081,"2014-09-10 20:13:29",23335,19930,49.99
1082,"2014-09-10 20:36:52",22533,19351,49.99
1083,"2014-09-11 00:46:57",23359,19947,49.99
1084,"2014-09-11 03:47:45",22804,19544,49.99
1085,"2014-09-11 12:18:36",22696,19468,49.99
1086,"2014-09-11 13:35:16",22516,19339,49.99
1087,"2014-09-11 15:15:29",22543,19357,49.99
1088,"2014-09-11 16:32:24",23411,19983,49.99
1089,"2014-09-11 18:48:22",23123,19770,49.99
1090,"2014-09-11 19:40:08",23171,19805,49.99
1091,"2014-09-11 20:22:54",22585,19385,49.99
1092,"2014-09-11 20:45:50",22753,19507,49.99
1093,"2014-09-11 23:17:46",22772,19522,49.99
1094,"2014-09-12 00:29:23",22859,19583,49.99
1095,"2014-09-12 03:24:51",23202,19829,49.99
1096,"2014-09-12 07:24:25",23323,19922,49.99
1097,"2014-09-12 09:22:41",23446,20008,49.99
1098,"2014-09-12 17:03:22",22840,19570,49.99
1099,"2014-09-12 20:52:44",23464,20020,49.99
1100,"2014-09-12 21:06:44",22873,19592,49.99
1101,"2014-09-12 21:22:18",23236,19855,49.99
1102,"2014-09-12 23:18:11",23189,19820,49.99
1103,"2014-09-12 23:39:25",22691,19465,49.99
1104,"2014-09-13 01:59:48",23256,19871,49.99
1105,"2014-09-13 02:30:27",22768,19518,59.99
1106,"2014-09-13 02:32:05",23296,19900,49.99
1107,"2014-09-13 07:27:58",22865,19587,49.99
1108,"2014-09-13 13:04:35",22821,19556,49.99
1109,"2014-09-13 13:24:53",22924,19627,49.99
1110,"2014-09-13 15:12:47",23203,19830,49.99
1111,"2014-09-13 23:06:03",23026,19702,49.99
1112,"2014-09-14 00:27:25",23093,19748,49.99
1113,"2014-09-14 06:56:56",23526,20067,49.99
1114,"2014-09-14 11:32:09",23573,20101,49.99
1115,"2014-09-14 17:04:22",23590,20115,49.99
1116,"2014-09-14 19:20:26",23215,19840,49.99
1117,"2014-09-14 21:24:27",22989,19674,49.99
1118,"2014-09-15 02:05:34",22916,19620,49.99
1119,"2014-09-15 09:07:33",22935,19634,45.99
1120,"2014-09-15 13:14:18",23102,19756,49.99
1121,"2014-09-15 15:02:28",23096,19751,49.99
1122,"2014-09-15 17:00:08",22846,19575,49.99
1123,"2014-09-15 19:26:15",22811,19550,49.99
1124,"2014-09-15 20:44:54",23227,19848,45.99
1125,"2014-09-15 21:03:07",23152,19791,49.99
1126,"2014-09-15 23:25:07",23238,19856,49.99
1127,"2014-09-16 00:25:42",22979,19666,49.99
1128,"2014-09-16 06:50:13",23691,20192,49.99
1129,"2014-09-16 12:09:40",23061,19727,45.99
1130,"2014-09-16 12:37:24",23513,20058,49.99
1131,"2014-09-16 14:27:24",22892,19603,49.99
1132,"2014-09-16 15:13:13",22961,19653,49.99
1133,"2014-09-16 16:12:39",22993,19678,49.99
1134,"2014-09-16 16:45:35",23358,19946,49.99
1135,"2014-09-16 16:58:49",23611,20131,49.99
1136,"2014-09-16 19:37:23",23454,20013,49.99
1137,"2014-09-16 23:03:11",23146,19787,49.99
1138,"2014-09-17 00:13:02",23056,19723,49.99
1139,"2014-09-17 01:59:33",22845,19574,49.99
1140,"2014-09-17 03:49:22",23661,20171,49.99
1141,"2014-09-17 07:59:09",23564,20094,49.99
1142,"2014-09-17 13:38:02",23229,19850,49.99
1143,"2014-09-17 14:05:54",23674,20181,49.99
1144,"2014-09-17 18:19:59",22931,19632,49.99
1145,"2014-09-17 19:42:03",23632,20148,49.99
1146,"2014-09-17 19:56:27",23232,19853,49.99
1147,"2014-09-17 20:45:00",23469,20024,49.99
1148,"2014-09-17 21:19:49",23046,19716,49.99
1149,"2014-09-17 21:40:11",23313,19915,49.99
1150,"2014-09-18 00:23:06",23726,20216,45.99
1151,"2014-09-18 00:49:07",23536,20075,49.99
1152,"2014-09-18 11:24:57",23244,19862,49.99
1153,"2014-09-18 16:32:53",23023,19700,49.99
1154,"2014-09-18 18:25:56",23809,20276,49.99
1155,"2014-09-18 19:20:35",23777,20254,49.99
1156,"2014-09-18 20:52:08",23538,20076,49.99
1157,"2014-09-18 21:26:56",23005,19688,49.99
1158,"2014-09-19 05:19:30",23765,20245,49.99
1159,"2014-09-19 11:53:56",23869,20322,59.99
1160,"2014-09-19 15:08:32",23178,19810,49.99
1161,"2014-09-19 18:29:46",23276,19885,49.99
1162,"2014-09-19 21:54:11",23521,20064,49.99
1163,"2014-09-19 23:23:26",23565,20095,49.99
1164,"2014-09-20 02:57:21",23292,19898,59.99
1165,"2014-09-20 04:24:00",23420,19988,29.99
1166,"2014-09-20 09:57:01",23569,20098,49.99
1167,"2014-09-20 10:14:12",23147,19788,49.99
1168,"2014-09-20 12:32:02",23355,19944,49.99
1169,"2014-09-20 14:57:23",23459,20016,49.99
1170,"2014-09-20 22:13:18",23288,19894,49.99
1171,"2014-09-21 00:23:46",23673,20180,49.99
1172,"2014-09-21 03:15:57",23697,20196,45.99
1173,"2014-09-21 08:00:26",23251,19867,59.99
1174,"2014-09-22 00:30:00",23728,20217,49.99
1175,"2014-09-22 00:39:45",23613,20133,49.99
1176,"2014-09-22 01:37:38",23644,20158,49.99
1177,"2014-09-22 03:58:52",23609,20129,49.99
1178,"2014-09-22 06:05:39",23309,19912,49.99
1179,"2014-09-22 08:37:38",23560,20091,49.99
1180,"2014-09-22 10:44:54",23226,19848,49.99
1181,"2014-09-22 13:19:14",23600,20122,49.99
1182,"2014-09-22 16:35:52",23687,20189,49.99
1183,"2014-09-22 17:43:52",23928,20364,49.99
1184,"2014-09-22 18:50:07",23711,20205,49.99
1185,"2014-09-22 20:54:53",23403,19978,49.99
1186,"2014-09-22 21:07:39",23305,19909,49.99
1187,"2014-09-22 23:54:50",23524,20066,49.99
1188,"2014-09-23 04:34:43",24079,20479,49.99
1189,"2014-09-23 12:48:49",23770,20249,45.99
1190,"2014-09-23 14:57:39",23604,20125,49.99
1191,"2014-09-23 22:48:26",23746,20231,49.99
1192,"2014-09-24 04:53:24",23500,20049,49.99
1193,"2014-09-24 14:58:49",23804,20273,49.99
1194,"2014-09-24 19:39:05",23701,20199,49.99
1195,"2014-09-24 23:09:33",24200,20568,49.99
1196,"2014-09-24 23:56:53",23593,20117,49.99
1197,"2014-09-25 00:15:57",23596,20119,49.99
1198,"2014-09-25 02:04:13",23610,20130,49.99
1199,"2014-09-25 04:23:05",23732,20220,49.99
1200,"2014-09-25 13:22:23",23579,20105,45.99
1201,"2014-09-25 14:26:00",23693,20193,49.99
1202,"2014-09-25 23:17:55",23511,20057,49.99
1203,"2014-09-26 03:02:14",23714,20207,45.99
1204,"2014-09-26 03:10:40",24189,20560,49.99
1205,"2014-09-26 11:28:32",23699,20198,49.99
1206,"2014-09-27 00:27:43",23559,20090,49.99
1207,"2014-09-27 20:42:09",24304,20645,49.99
1208,"2014-09-28 00:12:46",23645,20159,49.99
1209,"2014-09-28 03:48:41",23769,20248,49.99
1210,"2014-09-28 07:23:37",23703,20200,49.99
1211,"2014-09-28 14:21:22",23890,20337,45.99
1212,"2014-09-28 14:51:05",23664,20174,49.99
1213,"2014-09-28 19:23:33",23798,20268,49.99
1214,"2014-09-28 23:04:55",24307,20647,45.99
1215,"2014-09-28 23:24:15",23741,20228,49.99
1216,"2014-09-29 00:50:13",23785,20260,49.99
1217,"2014-09-29 16:01:41",23751,20235,49.99
1218,"2014-09-29 19:41:24",23774,20251,49.99
1219,"2014-09-30 08:30:28",23850,20306,45.99
1220,"2014-09-30 18:19:00",24214,20578,49.99
1221,"2014-09-30 19:17:55",23761,20242,49.99
1222,"2014-10-01 01:32:34",24575,20837,49.99
1223,"2014-10-01 09:42:21",24445,20744,49.99
1224,"2014-10-01 11:43:58",24610,20861,29.99
1225,"2014-10-01 16:18:28",24263,20611,45.99
1226,"2014-10-02 20:54:56",24299,20640,45.99
1227,"2014-10-03 13:11:33",24531,20805,49.99
1228,"2014-10-05 02:05:54",24213,20577,45.99
1229,"2014-10-05 06:53:43",24205,20571,29.99
1230,"2014-10-05 15:31:04",24333,20664,49.99
1231,"2014-10-06 14:13:02",24187,20559,49.99
1232,"2014-10-06 16:48:44",24750,20966,59.99
1233,"2014-10-06 18:52:32",24488,20775,59.99
1234,"2014-10-07 04:44:30",25060,21192,45.99
1235,"2014-10-07 13:35:25",24953,21113,29.99
1236,"2014-10-07 17:41:13",24365,20686,45.99
1237,"2014-10-08 09:57:22",24258,20609,49.99
1238,"2014-10-08 20:53:49",24658,20897,45.99
1239,"2014-10-09 09:31:27",25013,21156,49.99
1240,"2014-10-09 15:13:56",24670,20906,45.99
1241,"2014-10-09 18:14:11",25056,21190,49.99
1242,"2014-10-10 02:13:20",24422,20729,45.99
1243,"2014-10-10 11:32:30",24553,20821,29.99
1244,"2014-10-10 15:58:58",24637,20882,59.99
1245,"2014-10-11 02:27:58",24986,21138,49.99
1246,"2014-10-11 08:58:17",25053,21187,59.99
1247,"2014-10-11 19:37:22",25168,21270,45.99
1248,"2014-10-12 01:49:55",25258,21334,49.99
1249,"2014-10-12 12:17:09",24999,21146,49.99
1250,"2014-10-13 01:03:58",25446,21473,49.99
1251,"2014-10-13 01:37:41",24773,20982,59.99
1252,"2014-10-13 10:19:39",24925,21095,49.99
1253,"2014-10-13 12:35:16",25066,21197,45.99
1254,"2014-10-14 08:28:49",24835,21028,49.99
1255,"2014-10-14 11:37:45",24625,20872,45.99
1256,"2014-10-15 04:08:46",25530,21539,29.99
1257,"2014-10-15 21:47:57",25407,21444,45.99
1258,"2014-10-16 10:59:12",25199,21293,49.99
1259,"2014-10-16 12:15:27",24951,21112,45.99
1260,"2014-10-17 11:24:59",25024,21165,45.99
1261,"2014-10-17 19:08:33",25809,21741,45.99
1262,"2014-10-18 09:06:25",25316,21378,49.99
1263,"2014-10-18 16:22:41",25763,21708,59.99
1264,"2014-10-18 20:15:11",25171,21273,49.99
1265,"2014-10-19 21:21:49",25234,21317,29.99
1266,"2014-10-21 00:18:32",25769,21712,49.99
1267,"2014-10-21 10:34:18",25812,21743,45.99
1268,"2014-10-22 03:19:55",25180,21278,29.99
1269,"2014-10-23 01:42:43",25418,21453,29.99
1270,"2014-10-23 02:04:46",25925,21826,59.99
1271,"2014-10-23 07:34:00",26119,21976,49.99
1272,"2014-10-25 02:23:13",25497,21510,45.99
1273,"2014-10-25 09:36:33",26091,21957,49.99
1274,"2014-10-26 10:37:20",26434,22204,45.99
1275,"2014-10-26 19:51:51",25629,21607,45.99
1276,"2014-10-27 05:07:58",26393,22175,49.99
1277,"2014-10-27 05:15:18",25741,21692,49.99
1278,"2014-10-28 09:44:59",25686,21651,49.99
1279,"2014-10-28 21:00:30",25734,21687,49.99
1280,"2014-10-30 04:00:37",26025,21906,49.99
1281,"2014-10-30 09:38:09",26007,21892,49.99
1282,"2014-11-01 00:44:50",26178,22018,45.99
1283,"2014-11-02 02:09:00",26822,22483,29.99
1284,"2014-11-03 16:22:18",26311,22114,49.99
1285,"2014-11-03 18:06:31",26745,22429,49.99
1286,"2014-11-03 18:31:56",26674,22382,49.99
1287,"2014-11-05 09:16:36",26544,22280,45.99
1288,"2014-11-05 13:22:46",26451,22216,49.99
1289,"2014-11-05 22:23:33",26708,22403,59.99
1290,"2014-11-05 22:42:48",26349,22143,49.99
1291,"2014-11-06 04:57:08",26688,22390,29.99
1292,"2014-11-06 08:28:09",26302,22108,49.99
1293,"2014-11-07 01:20:05",26548,22283,49.99
1294,"2014-11-08 17:50:25",26644,22359,45.99
1295,"2014-11-09 01:01:40",27184,22752,49.99
1296,"2014-11-10 02:13:28",26722,22411,49.99
1297,"2014-11-10 04:18:56",26931,22560,29.99
1298,"2014-11-10 09:04:45",26860,22511,49.99
1299,"2014-11-12 13:20:51",26913,22547,45.99
1300,"2014-11-13 04:05:02",27139,22717,49.99
1301,"2014-11-13 12:32:53",27606,23063,49.99
1302,"2014-11-14 16:59:21",26887,22532,45.99
1303,"2014-11-14 17:48:01",27029,22634,45.99
1304,"2014-11-15 01:21:10",27822,23215,45.99
1305,"2014-11-15 03:45:17",26878,22526,45.99
1306,"2014-11-15 12:00:24",26985,22598,29.99
1307,"2014-11-15 17:22:35",26918,22551,59.99
1308,"2014-11-15 19:53:58",27211,22773,45.99
1309,"2014-11-15 20:58:04",27299,22836,45.99
1310,"2014-11-16 19:01:53",27158,22731,29.99
1311,"2014-11-17 12:43:22",27813,23208,29.99
1312,"2014-11-17 16:01:52",27474,22966,45.99
1313,"2014-11-18 13:52:49",27345,22869,59.99
1314,"2014-11-18 23:39:37",27135,22714,49.99
1315,"2014-11-19 12:42:38",28074,23402,45.99
1316,"2014-11-19 21:18:28",27503,22986,59.99
1317,"2014-11-20 04:34:02",28199,23496,49.99
1318,"2014-11-20 07:51:17",27554,23026,49.99
1319,"2014-11-20 12:21:40",27303,22839,45.99
1320,"2014-11-20 18:37:27",28002,23347,45.99
1321,"2014-11-20 21:07:09",27630,23080,59.99
1322,"2014-11-21 03:06:45",27853,23239,49.99
1323,"2014-11-21 12:40:06",28051,23386,49.99
1324,"2014-11-21 15:08:12",27964,23321,49.99
1325,"2014-11-21 16:31:31",27356,22879,49.99
1326,"2014-11-21 18:04:23",27824,23217,45.99
1327,"2014-11-21 22:50:33",28161,23467,49.99
1328,"2014-11-22 09:14:11",27741,23157,49.99
1329,"2014-11-22 16:16:05",27666,23107,49.99
1330,"2014-11-23 05:55:14",28180,23482,49.99
1331,"2014-11-23 18:08:46",27858,23242,49.99
1332,"2014-11-25 10:56:48",27953,23312,45.99
1333,"2014-11-25 11:39:40",28238,23526,59.99
1334,"2014-11-26 00:52:02",27868,23251,49.99
1335,"2014-11-26 06:15:04",28389,23634,45.99
1336,"2014-11-28 13:46:58",28034,23374,49.99
1337,"2014-11-28 13:57:26",27800,23200,45.99
1338,"2014-11-28 18:08:12",27965,23321,45.99
1339,"2014-11-29 04:08:53",28153,23460,59.99
1340,"2014-11-29 11:31:49",27895,23272,49.99
1341,"2014-11-29 12:27:56",28842,23973,49.99
1342,"2014-11-29 15:13:46",28639,23822,49.99
1343,"2014-11-29 19:34:46",28776,23924,45.99
1344,"2014-11-30 03:45:52",28170,23475,49.99
1345,"2014-11-30 08:12:32",28940,24043,29.99
1346,"2014-11-30 21:43:02",28700,23868,49.99
1347,"2014-12-01 05:29:43",29304,24308,49.99
1348,"2014-12-01 10:37:22",29476,24433,49.99
1349,"2014-12-01 11:58:26",29245,24265,49.99
1350,"2014-12-01 14:54:59",29530,24472,49.99
1351,"2014-12-01 17:00:49",29553,24490,49.99
1352,"2014-12-01 23:07:35",28832,23967,45.99
1353,"2014-12-02 02:45:04",28893,24012,49.99
1354,"2014-12-02 03:42:19",28285,23559,45.99
1355,"2014-12-02 11:08:41",29631,24544,49.99
1356,"2014-12-03 02:31:55",29115,24172,49.99
1357,"2014-12-03 11:58:33",29777,24646,49.99
1358,"2014-12-03 13:24:19",29672,24573,49.99
1359,"2014-12-03 14:17:59",29624,24538,49.99
1360,"2014-12-03 16:05:34",29928,24751,49.99
1361,"2014-12-03 18:07:56",28530,23741,49.99
1362,"2014-12-04 00:46:21",29654,24561,59.99
1363,"2014-12-04 04:56:13",29745,24624,49.99
1364,"2014-12-04 17:35:47",28345,23604,49.99
1365,"2014-12-04 18:39:23",29275,24286,49.99
1366,"2014-12-05 00:31:25",29737,24618,49.99
1367,"2014-12-05 02:48:29",29372,24356,59.99
1368,"2014-12-05 16:57:07",28600,23792,45.99
1369,"2014-12-05 19:10:46",29425,24398,49.99
1370,"2014-12-06 02:39:11",30016,24816,49.99
1371,"2014-12-06 07:37:58",29912,24740,49.99
1372,"2014-12-06 16:37:50",29445,24413,45.99
1373,"2014-12-07 01:22:20",30062,24852,45.99
1374,"2014-12-07 02:33:52",29549,24486,49.99
1375,"2014-12-07 04:45:26",29407,24385,45.99
1376,"2014-12-07 05:06:50",29083,24150,49.99
1377,"2014-12-07 08:48:59",29118,24174,45.99
1378,"2014-12-07 17:27:25",28680,23852,45.99
1379,"2014-12-07 18:31:09",28622,23809,49.99
1380,"2014-12-07 22:24:28",29804,24666,49.99
1381,"2014-12-07 22:57:31",30213,24966,49.99
1382,"2014-12-08 00:16:15",29518,24463,49.99
1383,"2014-12-08 02:50:32",29529,24471,49.99
1384,"2014-12-08 03:11:32",30209,24963,45.99
1385,"2014-12-08 14:10:39",28880,24003,49.99
1386,"2014-12-08 20:58:49",28823,23961,49.99
1387,"2014-12-08 23:59:47",29247,24266,49.99
1388,"2014-12-09 01:15:52",30217,24969,45.99
1389,"2014-12-09 11:19:53",29588,24514,49.99
1390,"2014-12-09 18:31:19",30422,25117,29.99
1391,"2014-12-09 18:46:41",29978,24785,49.99
1392,"2014-12-09 19:49:31",30341,25058,49.99
1393,"2014-12-09 20:35:27",28788,23932,29.99
1394,"2014-12-10 02:17:39",30399,25099,49.99
1395,"2014-12-10 03:41:29",28809,23950,59.99
1396,"2014-12-10 08:38:46",29505,24453,45.99
1397,"2014-12-10 19:53:04",29060,24132,49.99
1398,"2014-12-10 22:00:43",30361,25070,49.99
1399,"2014-12-10 22:54:59",29531,24472,29.99
1400,"2014-12-11 02:39:59",30070,24858,49.99
1401,"2014-12-11 06:23:24",30553,25214,49.99
1402,"2014-12-11 08:49:37",29759,24633,49.99
1403,"2014-12-11 11:06:43",30058,24848,49.99
1404,"2014-12-11 17:25:11",29806,24667,45.99
1405,"2014-12-12 01:20:56",29265,24278,45.99
1406,"2014-12-12 08:50:46",30350,25063,45.99
1407,"2014-12-12 09:54:07",30545,25206,49.99
1408,"2014-12-13 05:24:16",30517,25186,29.99
1409,"2014-12-13 07:25:14",29217,24246,49.99
1410,"2014-12-13 22:22:21",30844,25444,45.99
1411,"2014-12-14 06:46:59",29480,24436,49.99
1412,"2014-12-14 07:07:11",29557,24493,49.99
1413,"2014-12-14 08:33:43",29652,24560,49.99
1414,"2014-12-15 02:03:03",29691,24586,45.99
1415,"2014-12-15 17:50:00",30221,24972,29.99
1416,"2014-12-15 22:14:56",30946,25521,49.99
1417,"2014-12-16 15:08:30",29746,24625,59.99
1418,"2014-12-16 16:57:42",30129,24900,49.99
1419,"2014-12-17 09:20:46",29838,24689,59.99
1420,"2014-12-18 08:53:06",30920,25502,49.99
1421,"2014-12-18 10:12:10",30266,25003,45.99
1422,"2014-12-18 10:46:47",30855,25452,45.99
1423,"2014-12-18 16:45:15",30205,24959,49.99
1424,"2014-12-18 22:08:12",30512,25182,29.99
1425,"2014-12-19 12:23:25",31303,25790,49.99
1426,"2014-12-20 10:42:29",31132,25663,45.99
1427,"2014-12-20 17:41:22",30911,25496,45.99
1428,"2014-12-21 02:55:55",31187,25705,49.99
1429,"2014-12-22 09:41:44",31674,26060,49.99
1430,"2014-12-22 10:51:34",31502,25935,45.99
1431,"2014-12-22 19:39:59",31647,26040,29.99
1432,"2014-12-23 03:04:40",30983,25549,49.99
1433,"2014-12-23 03:08:36",30849,25448,49.99
1434,"2014-12-23 03:56:45",31400,25861,45.99
1435,"2014-12-23 09:00:24",31102,25640,45.99
1436,"2014-12-23 12:16:27",31562,25980,49.99
1437,"2014-12-23 13:18:49",30881,25474,49.99
1438,"2014-12-23 14:19:28",30489,25165,45.99
1439,"2014-12-23 16:44:11",31573,25987,49.99
1440,"2014-12-23 22:37:51",31707,26084,49.99
1441,"2014-12-24 14:48:49",30996,25558,49.99
1442,"2014-12-24 16:13:49",30810,25420,45.99
1443,"2014-12-24 16:38:39",31863,26207,49.99
1444,"2014-12-24 19:09:47",31361,25833,49.99
1445,"2014-12-24 19:24:58",31380,25848,49.99
1446,"2014-12-25 05:03:18",31037,25590,59.99
1447,"2014-12-25 13:43:37",31239,25743,49.99
1448,"2014-12-26 07:54:54",31739,26109,49.99
1449,"2014-12-26 18:45:33",31580,25992,49.99
1450,"2014-12-26 22:37:51",31949,26270,49.99
1451,"2014-12-26 22:46:29",31868,26211,49.99
1452,"2014-12-27 03:11:46",31379,25847,49.99
1453,"2014-12-27 15:04:04",32116,26396,59.99
1454,"2014-12-27 18:01:52",31853,26199,59.99
1455,"2014-12-27 21:44:23",31614,26017,45.99
1456,"2014-12-28 08:29:29",32135,26410,59.99
1457,"2014-12-28 15:37:26",32215,26475,45.99
1458,"2014-12-28 17:07:02",31168,25691,29.99
1459,"2014-12-28 18:23:58",31316,25799,49.99
1460,"2014-12-29 01:13:39",32222,26480,45.99
1461,"2014-12-29 14:20:54",32321,26556,49.99
1462,"2014-12-29 21:02:27",31228,25735,49.99
1463,"2014-12-30 02:36:05",32250,26503,45.99
1464,"2014-12-30 09:38:48",31375,25844,45.99
1465,"2014-12-30 10:49:19",31367,25838,49.99
1466,"2014-12-30 17:32:29",31867,26210,49.99
1467,"2014-12-31 19:35:21",32236,26492,49.99
1468,"2014-12-31 21:09:44",31869,26212,49.99
1469,"2015-01-01 02:31:41",31861,26205,45.99
1470,"2015-01-01 03:49:57",32154,26424,45.99
1471,"2015-01-02 00:52:34",31769,26131,45.99
1472,"2015-01-02 09:02:25",31702,26080,49.99
1473,"2015-01-02 14:22:10",31539,25964,45.99
1474,"2015-01-02 20:47:14",32419,26633,49.99
1475,"2015-01-03 05:02:08",32078,26365,45.99
1476,"2015-01-03 21:34:04",32628,26781,59.99
1477,"2015-01-04 01:52:45",32171,26439,59.99
1478,"2015-01-04 05:59:50",31741,26111,49.99
1479,"2015-01-04 15:42:31",31689,26070,45.99
1480,"2015-01-05 00:04:57",32574,26742,29.99
1481,"2015-01-05 05:29:39",31825,26175,45.99
1482,"2015-01-06 00:27:41",32113,26393,45.99
1483,"2015-01-06 04:18:59",32610,26769,49.99
1484,"2015-01-06 08:15:16",32340,26570,49.99
1485,"2015-01-06 15:01:48",32175,26442,49.99
1486,"2015-01-06 20:47:28",32404,26621,49.99
1487,"2015-01-07 06:36:50",32452,26656,45.99
1488,"2015-01-07 22:04:13",32095,26378,45.99
1489,"2015-01-08 05:52:22",32903,26987,49.99
1490,"2015-01-08 06:10:41",31983,26294,45.99
1491,"2015-01-08 07:54:21",32705,26835,29.99
1492,"2015-01-08 09:11:28",32746,26867,49.99
1493,"2015-01-09 05:06:50",33274,27263,45.99
1494,"2015-01-09 21:02:05",32838,26934,49.99
1495,"2015-01-09 22:01:58",33209,27214,45.99
1496,"2015-01-09 22:02:30",32673,26814,45.99
1497,"2015-01-10 01:59:58",32500,26692,49.99
1498,"2015-01-10 03:28:26",32273,26522,59.99
1499,"2015-01-10 21:36:20",33080,27121,49.99
1500,"2015-01-11 00:19:52",32389,26608,49.99
1501,"2015-01-12 05:32:25",32871,26961,49.99
1502,"2015-01-12 06:07:36",32479,26675,49.99
1503,"2015-01-12 06:10:48",32960,27030,59.99
1504,"2015-01-12 11:36:52",32819,26919,45.99
1505,"2015-01-12 11:47:12",33000,27061,49.99
1506,"2015-01-12 18:50:38",33002,27062,49.99
1507,"2015-01-12 19:09:46",32536,26717,49.99
1508,"2015-01-12 21:57:52",32898,26982,45.99
1509,"2015-01-13 02:54:17",33546,27469,49.99
1510,"2015-01-13 03:26:18",33195,27202,49.99
1511,"2015-01-13 03:49:27",32657,26802,45.99
1512,"2015-01-13 04:36:11",32592,26757,45.99
1513,"2015-01-13 21:06:55",32783,26895,45.99
1514,"2015-01-14 20:20:59",33074,27116,45.99
1515,"2015-01-15 11:36:08",33502,27437,45.99
1516,"2015-01-15 20:28:00",32831,26928,49.99
1517,"2015-01-16 09:11:52",32971,27037,49.99
1518,"2015-01-16 10:32:26",33130,27161,49.99
1519,"2015-01-17 18:20:37",33613,27519,45.99
1520,"2015-01-17 20:10:28",33801,27658,29.99
1521,"2015-01-17 20:33:33",34114,27892,49.99
1522,"2015-01-17 22:54:03",34007,27812,49.99
1523,"2015-01-18 17:24:08",34081,27867,49.99
1524,"2015-01-18 19:12:34",33945,27765,45.99
1525,"2015-01-19 01:25:43",33750,27622,49.99
1526,"2015-01-19 13:47:12",33001,27061,45.99
1527,"2015-01-19 17:53:53",33508,27441,45.99
1528,"2015-01-19 23:25:44",33200,27207,49.99
1529,"2015-01-20 01:41:24",33884,27722,49.99
1530,"2015-01-20 15:08:20",33823,27674,59.99
1531,"2015-01-20 21:33:08",33820,27671,49.99
1532,"2015-01-21 03:08:21",34275,28008,29.99
1533,"2015-01-21 04:25:49",34194,27951,49.99
1534,"2015-01-21 10:29:57",34218,27969,45.99
1535,"2015-01-21 11:30:26",33434,27382,49.99
1536,"2015-01-21 12:10:43",34350,28063,49.99
1537,"2015-01-21 15:20:26",33759,27628,45.99
1538,"2015-01-21 18:34:15",34061,27851,49.99
1539,"2015-01-22 05:43:34",33765,27632,49.99
1540,"2015-01-22 12:53:59",33644,27539,49.99
1541,"2015-01-22 13:27:10",33896,27729,45.99
1542,"2015-01-22 16:57:20",33919,27746,59.99
1543,"2015-01-22 19:07:51",33610,27518,49.99
1544,"2015-01-22 19:14:21",33457,27403,59.99
1545,"2015-01-24 17:38:50",33497,27433,49.99
1546,"2015-01-25 02:10:34",34242,27985,45.99
1547,"2015-01-25 04:25:55",33854,27698,49.99
1548,"2015-01-25 14:52:44",34514,28177,49.99
1549,"2015-01-26 09:12:47",34272,28005,59.99
1550,"2015-01-26 12:33:39",34417,28108,49.99
1551,"2015-01-27 03:52:37",34392,28091,45.99
1552,"2015-01-27 16:35:41",34363,28071,45.99
1553,"2015-01-28 07:35:07",34565,28215,45.99
1554,"2015-01-28 11:40:43",34539,28196,49.99
1555,"2015-01-28 16:47:36",34064,27853,49.99
1556,"2015-01-28 19:10:34",34117,27894,49.99
1557,"2015-01-29 02:01:56",33922,27749,45.99
1558,"2015-01-29 02:51:44",34368,28074,49.99
1559,"2015-01-29 03:37:20",34446,28129,45.99
1560,"2015-01-29 14:10:13",34010,27814,49.99
1561,"2015-01-29 20:35:59",34969,28519,49.99
1562,"2015-01-29 22:37:23",34463,28141,49.99
1563,"2015-01-30 11:44:27",34634,28267,45.99
1564,"2015-01-30 22:44:47",35211,28699,45.99
1565,"2015-01-30 23:01:28",35352,28798,45.99
1566,"2015-01-31 00:08:53",34973,28521,49.99
1567,"2015-01-31 06:41:31",34184,27943,59.99
1568,"2015-01-31 19:29:31",34573,28220,49.99
1569,"2015-02-01 01:05:36",34743,28349,49.99
1570,"2015-02-01 03:00:31",35378,28816,49.99
1571,"2015-02-01 06:34:53",34662,28286,49.99
1572,"2015-02-02 02:53:04",34876,28445,29.99
1573,"2015-02-02 06:57:14",35320,28776,49.99
1574,"2015-02-02 19:36:37",34352,28064,59.99
1575,"2015-02-02 23:05:39",35120,28631,49.99
1576,"2015-02-02 23:31:27",34618,28254,29.99
1577,"2015-02-03 03:37:55",35180,28677,49.99
1578,"2015-02-03 07:24:32",35361,28803,49.99
1579,"2015-02-05 03:09:27",35237,28717,49.99
1580,"2015-02-05 03:44:35",35285,28749,45.99
1581,"2015-02-05 05:24:04",35360,28802,29.99
1582,"2015-02-05 07:35:45",34604,28243,45.99
1583,"2015-02-05 16:52:05",34590,28233,59.99
1584,"2015-02-05 19:30:40",34624,28260,59.99
1585,"2015-02-05 22:56:12",35531,28922,29.99
1586,"2015-02-06 01:00:21",34845,28423,29.99
1587,"2015-02-06 04:16:06",35752,29086,45.99
1588,"2015-02-06 14:02:47",35455,28872,49.99
1589,"2015-02-07 00:16:28",34978,28526,45.99
1590,"2015-02-07 03:32:32",35603,28976,45.99
1591,"2015-02-07 14:34:08",35842,29155,59.99
1592,"2015-02-08 05:04:26",35756,29089,45.99
1593,"2015-02-08 12:59:24",36124,29367,49.99
1594,"2015-02-08 17:38:06",35421,28847,49.99
1595,"2015-02-09 20:08:18",35340,28790,49.99
1596,"2015-02-10 06:56:44",35071,28594,45.99
1597,"2015-02-10 07:25:09",35708,29050,45.99
1598,"2015-02-10 10:34:19",35167,28668,45.99
1599,"2015-02-10 15:53:37",36118,29363,49.99
1600,"2015-02-10 20:42:43",35424,28849,49.99
1601,"2015-02-11 13:14:54",35915,29214,49.99
1602,"2015-02-12 02:18:22",35162,28663,59.99
1603,"2015-02-12 06:24:04",35359,28802,49.99
1604,"2015-02-12 07:08:16",35929,29223,49.99
1605,"2015-02-12 13:42:34",35250,28727,49.99
1606,"2015-02-12 14:57:18",36295,29495,45.99
1607,"2015-02-13 14:14:30",35436,28858,45.99
1608,"2015-02-13 17:27:19",35704,29048,49.99
1609,"2015-02-15 03:09:49",36844,29933,49.99
1610,"2015-02-15 07:36:03",36285,29488,29.99
1611,"2015-02-15 18:18:55",35773,29103,45.99
1612,"2015-02-16 02:46:47",36132,29372,45.99
1613,"2015-02-16 15:02:09",36417,29594,49.99
1614,"2015-02-16 18:48:11",36111,29359,49.99
1615,"2015-02-17 00:23:21",36744,29855,49.99
1616,"2015-02-17 13:39:41",35762,29093,49.99
1617,"2015-02-17 18:52:45",35757,29090,49.99
1618,"2015-02-17 21:38:33",36794,29895,59.99
1619,"2015-02-18 08:32:46",36519,29675,59.99
1620,"2015-02-18 12:37:58",36172,29403,49.99
1621,"2015-02-20 00:24:00",37052,30100,59.99
1622,"2015-02-20 02:51:39",36304,29503,49.99
1623,"2015-02-20 19:45:50",36884,29964,59.99
1624,"2015-02-20 21:48:17",36366,29550,59.99
1625,"2015-02-20 22:06:44",36019,29292,45.99
1626,"2015-02-21 01:35:55",36362,29547,49.99
1627,"2015-02-21 03:00:45",37379,30344,49.99
1628,"2015-02-21 08:57:13",37287,30279,49.99
1629,"2015-02-21 16:55:51",36454,29624,49.99
1630,"2015-02-21 19:43:04",36871,29953,49.99
1631,"2015-02-22 08:02:01",36821,29916,59.99
1632,"2015-02-22 08:44:53",37523,30450,49.99
1633,"2015-02-22 13:55:32",36271,29478,49.99
1634,"2015-02-22 14:06:31",36729,29843,45.99
1635,"2015-02-23 22:30:09",37098,30134,49.99
1636,"2015-02-23 22:54:51",36996,30054,49.99
1637,"2015-02-24 01:52:20",36917,29990,45.99
1638,"2015-02-24 05:18:29",36341,29530,59.99
1639,"2015-02-24 07:46:53",37266,30263,49.99
1640,"2015-02-25 11:15:51",37121,30151,49.99
1641,"2015-02-27 07:39:11",36717,29833,45.99
1642,"2015-02-27 13:20:26",37316,30300,49.99
1643,"2015-02-27 14:49:04",37513,30444,29.99
1644,"2015-02-27 19:49:04",37300,30288,49.99
1645,"2015-02-28 04:40:38",36971,30034,49.99
1646,"2015-02-28 09:39:47",38070,30858,59.99
1647,"2015-02-28 13:32:24",37411,30367,49.99
1648,"2015-03-01 05:44:02",38100,30878,59.99
1649,"2015-03-01 07:09:05",37904,30731,45.99
1650,"2015-03-02 02:56:29",37416,30371,49.99
1651,"2015-03-02 04:28:13",37861,30699,45.99
1652,"2015-03-02 15:38:30",38054,30844,29.99
1653,"2015-03-02 17:50:03",37450,30397,49.99
1654,"2015-03-02 19:15:03",37924,30746,45.99
1655,"2015-03-02 21:42:26",38083,30867,29.99
1656,"2015-03-03 08:06:49",38166,30931,45.99
1657,"2015-03-03 11:26:35",37663,30553,45.99
1658,"2015-03-03 14:36:51",38168,30933,59.99
1659,"2015-03-03 19:08:32",38340,31066,49.99
1660,"2015-03-04 07:28:48",37598,30509,29.99
1661,"2015-03-04 08:18:32",38229,30977,29.99
1662,"2015-03-04 09:38:48",38055,30845,49.99
1663,"2015-03-04 19:07:37",38425,31132,49.99
1664,"2015-03-05 08:01:50",38397,31113,49.99
1665,"2015-03-05 15:06:47",37784,30641,49.99
1666,"2015-03-07 09:10:22",38179,30941,45.99
1667,"2015-03-07 11:25:13",38010,30810,49.99
1668,"2015-03-07 19:55:53",37568,30486,49.99
1669,"2015-03-07 21:15:28",37686,30571,49.99
1670,"2015-03-08 01:59:24",38667,31311,49.99
1671,"2015-03-08 05:08:19",38107,30884,49.99
1672,"2015-03-08 11:32:07",38129,30901,45.99
1673,"2015-03-09 02:20:20",37886,30718,45.99
1674,"2015-03-09 18:45:42",38356,31078,45.99
1675,"2015-03-10 11:59:23",38627,31283,45.99
1676,"2015-03-10 18:12:05",38309,31040,49.99
1677,"2015-03-10 19:26:59",38287,31023,29.99
1678,"2015-03-11 00:47:31",37891,30722,49.99
1679,"2015-03-11 02:57:45",38195,30952,45.99
1680,"2015-03-11 16:47:09",38000,30804,29.99
1681,"2015-03-11 19:45:12",38492,31181,49.99
1682,"2015-03-12 20:36:38",38896,31486,49.99
1683,"2015-03-13 05:05:46",38090,30872,45.99
1684,"2015-03-13 09:39:57",38900,31489,45.99
1685,"2015-03-13 12:05:41",38494,31183,45.99
1686,"2015-03-13 15:01:06",39003,31561,59.99
1687,"2015-03-13 15:25:22",38593,31256,29.99
1688,"2015-03-13 17:33:02",38274,31014,49.99
1689,"2015-03-14 09:53:35",39092,31622,49.99
1690,"2015-03-14 13:21:19",39026,31578,49.99
1691,"2015-03-14 16:11:27",39225,31720,49.99
1692,"2015-03-15 08:40:25",39113,31638,45.99
1693,"2015-03-15 12:31:01",39475,31905,45.99
1694,"2015-03-15 22:33:22",38700,31335,49.99
1695,"2015-03-16 10:30:05",39585,31984,49.99
1696,"2015-03-16 21:21:34",38851,31449,49.99
1697,"2015-03-17 04:09:52",38427,31133,49.99
1698,"2015-03-17 05:40:17",39194,31695,49.99
1699,"2015-03-17 09:52:07",38625,31281,49.99
1700,"2015-03-17 17:36:38",38897,31486,45.99
1701,"2015-03-17 17:53:08",39663,32043,45.99
1702,"2015-03-17 21:45:11",38955,31527,29.99
1703,"2015-03-18 13:55:14",38605,31266,49.99
1704,"2015-03-18 15:00:54",38978,31545,45.99
1705,"2015-03-19 06:18:08",39486,31914,59.99
1706,"2015-03-19 11:28:48",39029,31579,45.99
1707,"2015-03-19 16:46:20",38940,31517,49.99
1708,"2015-03-20 12:44:12",38802,31412,45.99
1709,"2015-03-21 03:22:50",39546,31957,49.99
1710,"2015-03-21 04:05:07",39705,32072,49.99
1711,"2015-03-21 09:18:39",39199,31699,45.99
1712,"2015-03-21 10:13:40",39696,32065,49.99
1713,"2015-03-22 00:42:54",39189,31690,49.99
1714,"2015-03-22 01:40:10",39172,31678,45.99
1715,"2015-03-22 02:31:53",39813,32152,49.99
1716,"2015-03-22 03:15:55",39278,31760,45.99
1717,"2015-03-22 21:30:42",39713,32077,59.99
1718,"2015-03-23 02:52:58",39428,31871,49.99
1719,"2015-03-23 15:19:57",39370,31830,45.99
1720,"2015-03-24 03:47:15",39243,31733,59.99
1721,"2015-03-27 03:24:58",39680,32055,45.99
1722,"2015-03-27 10:10:53",39860,32191,49.99
1723,"2015-03-27 12:16:02",39674,32051,45.99
1724,"2015-03-28 05:34:49",39819,32156,45.99
1725,"2015-03-28 08:38:31",39449,31884,49.99
1726,"2015-03-29 23:41:36",39759,32111,49.99
1727,"2015-03-30 09:37:23",39950,32255,59.99
1728,"2015-03-30 21:33:51",39671,32049,49.99
1729,"2015-03-31 19:59:48",39729,32090,49.99
1730,"2015-04-01 03:54:48",39717,32079,59.99
1731,"2015-04-01 18:11:08",39947,32252,45.99
